abandoned,abandoned_category,abandoned_enjoy_bored,abandoned_enjoy_bored_num,abandoned_enjoy_excited,abandoned_enjoy_excited_num,abandoned_enjoy_use,abandoned_enjoy_use_num,abandoned_info_exact,abandoned_info_exact_num,abandoned_info_learn,abandoned_info_learn_num,abandoned_info_regular,abandoned_info_regular_num,abandoned_info_relevant,abandoned_info_relevant_num,abandoned_info_timely,abandoned_info_timely_num,abandoned_other_financial,abandoned_other_financial_num,abandoned_other_general,abandoned_other_general_num,abandoned_other_specific,abandoned_other_specific_num,abandoned_self_consume,abandoned_self_consume_num,abandoned_self_interests,abandoned_self_interests_num,abandoned_self_personality,abandoned_self_personality_num,abandoned_social_comm,abandoned_social_comm_num,abandoned_social_connect,abandoned_social_connect_num,abandoned_social_friends,abandoned_social_friends_num,abandoned_social_plans,abandoned_social_plans_num,abandoned_update_needs,abandoned_update_needs_num,abandoned_update_remind,abandoned_update_remind_num,abandoned_usable_interface,abandoned_usable_interface_num,abandoned_usable_intuitive,abandoned_usable_intuitive_num,abandoned_usable_launch,abandoned_usable_launch_num,abandoned_use_efficient,abandoned_use_efficient_num,abandoned_use_info_track,abandoned_use_info_track_num,abandoned_use_logistics,abandoned_use_logistics_num,abandoned_use_task,abandoned_use_task_num,age,age_num,current,current_category,current_enjoy_bored,current_enjoy_bored_num,current_enjoy_excited,current_enjoy_excited_num,current_enjoy_use,current_enjoy_use_num,current_info_exact,current_info_exact_num,current_info_learn,current_info_learn_num,current_info_regular,current_info_regular_num,current_info_relevant,current_info_relevant_num,current_info_timely,current_info_timely_num,current_other_financial,current_other_financial_num,current_other_general,current_other_general_num,current_other_specific,current_other_specific_num,current_self_consume,current_self_consume_num,current_self_interests,current_self_interests_num,current_self_personality,current_self_personality_num,current_social_comm,current_social_comm_num,current_social_connect,current_social_connect_num,current_social_friends,current_social_friends_num,current_social_plans,current_social_plans_num,current_update_needs,current_update_needs_num,current_update_remind,current_update_remind_num,current_usable_interface,current_usable_interface_num,current_usable_intuitive,current_usable_intuitive_num,current_usable_launch,current_usable_launch_num,current_use_efficient,current_use_efficient_num,current_use_info_track,current_use_info_track_num,current_use_logistics,current_use_logistics_num,current_use_task,current_use_task_num,device,educ,educ_num,from,gender,gender_num,timestamp,usage
Pinterest,entertainment,Never,0,Never,0,A little bit of the time,1,Never,0,A little bit of the time,1,Never,0,Never,0,Never,0,Never,0,Never,0,Never,0,Sometimes,2,Sometimes,2,A little bit of the time,1,Never,0,A little bit of the time,1,Never,0,Never,0,A little bit of the time,1,Sometimes,2,Never,0,Never,0,A little bit of the time,1,Never,0,A little bit of the time,1,Never,0,A little bit of the time,1,old,,Calendar,useful,Never,0,Never,0,A little bit of the time,1,Sometimes,2,Never,0,Sometimes,2,Very often,3,Very often,3,Never,0,A little bit of the time,1,Sometimes,2,Sometimes,2,Sometimes,2,Never,0,Never,0,Sometimes,2,Never,0,Very often,3,Never,0,A little bit of the time,1,Never,0,A little bit of the time,1,Very often,3,Very often,3,All of the time,4,All of the time,4,Very often,3,iPhone 5/5S/5C or older,Graduate (PhD),4,Northeast,Female,1,10/31/2016 18:56:23,More than 3 hours
Snapchat,social,A little bit of the time,1,Never,0,A little bit of the time,1,Never,0,Sometimes,2,A little bit of the time,1,A little bit of the time,1,A little bit of the time,1,Never,0,Never,0,Never,0,Sometimes,2,Sometimes,2,All of the time,4,Sometimes,2,Sometimes,2,A little bit of the time,1,Never,0,Sometimes,2,Sometimes,2,A little bit of the time,1,Never,0,Sometimes,2,Never,0,Never,0,Never,0,Never,0,32,32,Calendar,useful,Never,0,Never,0,Sometimes,2,Sometimes,2,A little bit of the time,1,A little bit of the time,1,All of the time,4,All of the time,4,Never,0,Very often,3,A little bit of the time,1,Sometimes,2,Very often,3,Never,0,Sometimes,2,Very often,3,Sometimes,2,Very often,3,Sometimes,2,Sometimes,2,Sometimes,2,Sometimes,2,Sometimes,2,All of the time,4,All of the time,4,All of the time,4,Sometimes,2,iPhone 7/7 Plus,Graduate (PhD),4,Northeast,Female,1,10/31/2016 19:05:39,More than 3 hours
Google Maps,info,Never,0,Never,0,Sometimes,2,Very often,3,Sometimes,2,A little bit of the time,1,All of the time,4,All of the time,4,Never,0,A little bit of the time,1,Very often,3,Very often,3,Sometimes,2,A little bit of the time,1,Never,0,A little bit of the time,1,Never,0,Very often,3,Sometimes,2,A little bit of the time,1,Very often,3,Very often,3,Very often,3,Very often,3,A little bit of the time,1,All of the time,4,Very often,3,28,28,Calendar,useful,Never,0,A little bit of the time,1,Very often,3,Very often,3,A little bit of the time,1,A little bit of the time,1,Very often,3,Very often,3,A little bit of the time,1,Sometimes,2,Very often,3,All of the time,4,A little bit of the time,1,A little bit of the time,1,Sometimes,2,A little bit of the time,1,Never,0,Very often,3,A little bit of the time,1,A little bit of the time,1,Very often,3,Very often,3,Sometimes,2,Very often,3,Very often,3,All of the time,4,Very often,3,iPhone 6/6S/6S Plus,Graduate (Master's),3,West,Female,1,10/31/2016 19:08:42,Between 1 and 3 hours
Pinterest,entertainment,Sometimes,2,All of the time,4,All of the time,4,Very often,3,Very often,3,Sometimes,2,Very often,3,Sometimes,2,Never,0,All of the time,4,Sometimes,2,All of the time,4,All of the time,4,Very often,3,Never,0,Never,0,Never,0,A little bit of the time,1,A little bit of the time,1,Very often,3,All of the time,4,All of the time,4,Sometimes,2,A little bit of the time,1,Very often,3,All of the time,4,Sometimes,2,30,30,Calendar,useful,Never,0,Never,0,All of the time,4,All of the time,4,Very often,3,Never,0,Very often,3,Very often,3,Never,0,A little bit of the time,1,All of the time,4,Never,0,A little bit of the time,1,A little bit of the time,1,A little bit of the time,1,Never,0,Never,0,All of the time,4,Never,0,All of the time,4,All of the time,4,All of the time,4,All of the time,4,Very often,3,All of the time,4,All of the time,4,Never,0,iPhone 6/6S/6S Plus,Graduate (PhD),4,South,Female,1,10/31/2016 19:41:53,More than 3 hours
Words With Friends,entertainment,Never,0,Never,0,Sometimes,2,Never,0,Never,0,Never,0,Never,0,Never,0,Never,0,Never,0,All of the time,4,Never,0,A little bit of the time,1,Never,0,A little bit of the time,1,Sometimes,2,Never,0,Never,0,Never,0,Never,0,Sometimes,2,Sometimes,2,Sometimes,2,Never,0,Never,0,Never,0,A little bit of the time,1,29,29,Calendar,useful,Never,0,Never,0,Sometimes,2,Sometimes,2,Sometimes,2,Sometimes,2,Sometimes,2,Sometimes,2,Never,0,A little bit of the time,1,Very often,3,Never,0,Never,0,A little bit of the time,1,Never,0,A little bit of the time,1,Sometimes,2,All of the time,4,A little bit of the time,1,A little bit of the time,1,Very often,3,Very often,3,Very often,3,All of the time,4,All of the time,4,All of the time,4,All of the time,4,Android,Graduate (PhD),4,Northeast,Female,1,10/31/2016 19:50:03,More than 3 hours
Snapchat,social,Never,0,A little bit of the time,1,A little bit of the time,1,Never,0,Never,0,Never,0,Never,0,Never,0,Never,0,Never,0,Sometimes,2,Sometimes,2,Never,0,Sometimes,2,A little bit of the time,1,A little bit of the time,1,A little bit of the time,1,Never,0,A little bit of the time,1,A little bit of the time,1,A little bit of the time,1,A little bit of the time,1,Sometimes,2,Never,0,Never,0,Never,0,Never,0,27,27,Calendar,useful,Never,0,Never,0,Very often,3,All of the time,4,Never,0,Never,0,All of the time,4,All of the time,4,Never,0,Never,0,All of the time,4,Never,0,Never,0,Never,0,Never,0,Never,0,Never,0,Never,0,Sometimes,2,Sometimes,2,Very often,3,Very often,3,All of the time,4,All of the time,4,All of the time,4,All of the time,4,All of the time,4,Android,Graduate (PhD),4,West,Male,0,10/31/2016 20:47:50,More than 3 hours
Words With Friends,entertainment,A little bit of the time,1,A little bit of the time,1,Sometimes,2,Never,0,Never,0,Never,0,A little bit of the time,1,Never,0,Never,0,Never,0,Very often,3,A little bit of the time,1,A little bit of the time,1,A little bit of the time,1,Very often,3,Very often,3,Sometimes,2,Never,0,Never,0,Never,0,Never,0,Very often,3,Sometimes,2,Never,0,Never,0,Never,0,Sometimes,2,35,35,Calendar,useful,Never,0,Never,0,All of the time,4,All of the time,4,Never,0,Sometimes,2,All of the time,4,All of the time,4,Very often,3,All of the time,4,Never,0,Never,0,All of the time,4,Never,0,A little bit of the time,1,Never,0,Never,0,All of the time,4,A little bit of the time,1,A little bit of the time,1,All of the time,4,All of the time,4,All of the time,4,All of the time,4,All of the time,4,All of the time,4,All of the time,4,iPhone 6/6S/6S Plus,Graduate (PhD),4,Northeast,Male,0,10/31/2016 21:05:31,Between 1 and 3 hours
Candy Crush,entertainment,A little bit of the time,1,A little bit of the time,1,A little bit of the time,1,Never,0,Never,0,Never,0,Never,0,Never,0,Never,0,Never,0,All of the time,4,Never,0,Never,0,Never,0,Never,0,Never,0,Never,0,Never,0,Never,0,Never,0,Never,0,Sometimes,2,A little bit of the time,1,Never,0,Never,0,Never,0,Never,0,24,24,Calendar,useful,Never,0,Never,0,Sometimes,2,Very often,3,Sometimes,2,Never,0,Very often,3,Very often,3,Never,0,Sometimes,2,Sometimes,2,A little bit of the time,1,Never,0,Never,0,Sometimes,2,A little bit of the time,1,Sometimes,2,All of the time,4,A little bit of the time,1,Sometimes,2,Sometimes,2,Sometimes,2,Sometimes,2,Very often,3,All of the time,4,All of the time,4,Sometimes,2,iPhone 6/6S/6S Plus,College (Bachelor's),2,Northeast,Male,0,10/31/2016 21:35:06,More than 3 hours
Words With Friends,entertainment,Sometimes,2,Sometimes,2,Sometimes,2,Never,0,A little bit of the time,1,Never,0,Never,0,Never,0,Never,0,Never,0,All of the time,4,A little bit of the time,1,Very often,3,Never,0,Sometimes,2,Sometimes,2,Sometimes,2,Never,0,Sometimes,2,Sometimes,2,A little bit of the time,1,Very often,3,Sometimes,2,Never,0,Never,0,Never,0,A little bit of the time,1,23,23,Calendar,useful,A little bit of the time,1,Sometimes,2,Very often,3,All of the time,4,Sometimes,2,Very often,3,All of the time,4,All of the time,4,A little bit of the time,1,Sometimes,2,Sometimes,2,Very often,3,A little bit of the time,1,Sometimes,2,Sometimes,2,Sometimes,2,A little bit of the time,1,All of the time,4,All of the time,4,All of the time,4,All of the time,4,All of the time,4,All of the time,4,All of the time,4,All of the time,4,All of the time,4,All of the time,4,iPhone 6/6S/6S Plus,Graduate (Master's),3,Northeast,Male,0,10/31/2016 23:22:55,More than 3 hours
Candy Crush,entertainment,A little bit of the time,1,A little bit of the time,1,A little bit of the time,1,Never,0,Never,0,Never,0,Never,0,Never,0,Never,0,Never,0,All of the time,4,Never,0,Never,0,Never,0,Never,0,Never,0,Never,0,Never,0,Never,0,Never,0,Never,0,Sometimes,2,A little bit of the time,1,Never,0,Never,0,Never,0,Never,0,24,24,Calendar,useful,Never,0,Never,0,Sometimes,2,Very often,3,Sometimes,2,Never,0,Very often,3,Very often,3,Never,0,Sometimes,2,Sometimes,2,A little bit of the time,1,Never,0,Never,0,Sometimes,2,A little bit of the time,1,Sometimes,2,All of the time,4,A little bit of the time,1,Sometimes,2,Sometimes,2,Sometimes,2,Sometimes,2,Very often,3,All of the time,4,All of the time,4,Sometimes,2,iPhone 6/6S/6S Plus,College (Bachelor's),2,Northeast,Male,0,11/1/2016 5:22:01,More than 3 hours
Facebook,social,Very often,3,Very often,3,Very often,3,A little bit of the time,1,A little bit of the time,1,Sometimes,2,A little bit of the time,1,Never,0,Never,0,A little bit of the time,1,Sometimes,2,Sometimes,2,A little bit of the time,1,Very often,3,All of the time,4,Very often,3,All of the time,4,Sometimes,2,Very often,3,Very often,3,Very often,3,Very often,3,Very often,3,A little bit of the time,1,A little bit of the time,1,A little bit of the time,1,Sometimes,2,20,20,Calendar,useful,Never,0,A little bit of the time,1,All of the time,4,All of the time,4,All of the time,4,All of the time,4,All of the time,4,All of the time,4,Never,0,Never,0,All of the time,4,All of the time,4,All of the time,4,Never,0,Never,0,Very often,3,Never,0,All of the time,4,Never,0,Sometimes,2,Very often,3,All of the time,4,All of the time,4,All of the time,4,All of the time,4,All of the time,4,All of the time,4,iPhone 5/5S/5C or older,College (Bachelor's),2,West,Female,1,11/1/2016 19:53:09,Between 1 and 3 hours
Pinterest,entertainment,Never,0,Never,0,Never,0,Never,0,Never,0,Never,0,Never,0,Never,0,Never,0,Never,0,A little bit of the time,1,Very often,3,Never,0,Never,0,Never,0,A little bit of the time,1,A little bit of the time,1,Never,0,Sometimes,2,Very often,3,Never,0,Never,0,Very often,3,Never,0,Never,0,Never,0,Never,0,40,40,Camera,useful,Never,0,A little bit of the time,1,Very often,3,A little bit of the time,1,Never,0,Never,0,A little bit of the time,1,A little bit of the time,1,Never,0,A little bit of the time,1,Never,0,Never,0,A little bit of the time,1,A little bit of the time,1,Sometimes,2,Sometimes,2,Never,0,Never,0,A little bit of the time,1,Never,0,Very often,3,Very often,3,Very often,3,Very often,3,Very often,3,Very often,3,All of the time,4,iPhone 6/6S/6S Plus,Graduate (PhD),4,West,Female,1,10/31/2016 20:20:48,Between 1 and 3 hours
Mail,useful,Never,0,Never,0,Never,0,Never,0,Never,0,Never,0,Never,0,Never,0,Never,0,Never,0,Never,0,Never,0,Never,0,Never,0,Never,0,Never,0,Never,0,Never,0,Never,0,Very often,3,Never,0,Never,0,Never,0,Never,0,Never,0,Never,0,Never,0,38,38,Camera,useful,Never,0,Never,0,All of the time,4,Sometimes,2,Sometimes,2,A little bit of the time,1,Very often,3,Sometimes,2,Never,0,Very often,3,Very often,3,Very often,3,Very often,3,Sometimes,2,Sometimes,2,Sometimes,2,Sometimes,2,A little bit of the time,1,Never,0,Never,0,Never,0,Never,0,A little bit of the time,1,A little bit of the time,1,Sometimes,2,Sometimes,2,Very often,3,iPhone 5/5S/5C or older,Graduate (PhD),4,Northeast,Male,0,11/1/2016 5:45:03,Between 1 and 3 hours
Snapchat,social,Never,0,Never,0,A little bit of the time,1,Sometimes,2,Never,0,Never,0,A little bit of the time,1,A little bit of the time,1,Never,0,Never,0,Very often,3,A little bit of the time,1,Never,0,Sometimes,2,Very often,3,Very often,3,Very often,3,Never,0,A little bit of the time,1,Never,0,Never,0,Never,0,A little bit of the time,1,Never,0,A little bit of the time,1,Never,0,A little bit of the time,1,26,26,Chrome,general_specific,Sometimes,2,Sometimes,2,Very often,3,Very often,3,Very often,3,Very often,3,All of the time,4,All of the time,4,A little bit of the time,1,Sometimes,2,Very often,3,A little bit of the time,1,Never,0,Never,0,Very often,3,Sometimes,2,Very often,3,Very often,3,Sometimes,2,Never,0,Sometimes,2,Sometimes,2,Very often,3,All of the time,4,Very often,3,All of the time,4,All of the time,4,Moto X Google phone,College (Bachelor's),2,West,Female,1,10/31/2016 18:53:07,Between 1 and 3 hours
Candy Crush,entertainment,Sometimes,2,A little bit of the time,1,Sometimes,2,Never,0,Never,0,Never,0,Never,0,Never,0,Never,0,Never,0,Very often,3,Never,0,Never,0,Never,0,Never,0,Never,0,Never,0,Never,0,A little bit of the time,1,Sometimes,2,A little bit of the time,1,All of the time,4,Very often,3,Never,0,Never,0,Never,0,Never,0,39,39,Chrome,general_specific,Never,0,Never,0,Sometimes,2,Very often,3,A little bit of the time,1,Very often,3,Very often,3,Very often,3,Never,0,Very often,3,A little bit of the time,1,All of the time,4,Sometimes,2,Never,0,Never,0,Never,0,Never,0,Never,0,A little bit of the time,1,Never,0,Very often,3,Very often,3,Very often,3,Very often,3,A little bit of the time,1,Sometimes,2,All of the time,4,iPhone 6/6S/6S Plus,Graduate (PhD),4,Northeast,Male,0,10/31/2016 19:21:23,Between 1 and 3 hours
Candy Crush,entertainment,Very often,3,Sometimes,2,Very often,3,Never,0,Never,0,Never,0,Never,0,Never,0,Never,0,Never,0,All of the time,4,Never,0,A little bit of the time,1,Never,0,Never,0,Never,0,Never,0,Never,0,A little bit of the time,1,Very often,3,A little bit of the time,1,Very often,3,Sometimes,2,Never,0,Never,0,Never,0,Never,0,26,26,Chrome,general_specific,Sometimes,2,Sometimes,2,All of the time,4,All of the time,4,All of the time,4,All of the time,4,All of the time,4,All of the time,4,Never,0,Sometimes,2,Never,0,A little bit of the time,1,All of the time,4,Never,0,Never,0,Sometimes,2,Never,0,A little bit of the time,1,Very often,3,Never,0,Sometimes,2,Sometimes,2,All of the time,4,A little bit of the time,1,All of the time,4,Very often,3,Sometimes,2,Android,College (Bachelor's),2,Northeast,Female,1,11/1/2016 11:01:09,Between 1 and 3 hours
Instagram,social,Sometimes,2,A little bit of the time,1,A little bit of the time,1,Never,0,Never,0,Never,0,Never,0,Never,0,Never,0,A little bit of the time,1,Sometimes,2,Sometimes,2,Sometimes,2,Very often,3,A little bit of the time,1,Sometimes,2,A little bit of the time,1,Never,0,A little bit of the time,1,Sometimes,2,Sometimes,2,Sometimes,2,Very often,3,Never,0,Never,0,Never,0,Never,0,19,19,Facebook,social,Very often,3,A little bit of the time,1,Sometimes,2,Sometimes,2,A little bit of the time,1,Very often,3,Sometimes,2,Sometimes,2,Sometimes,2,A little bit of the time,1,A little bit of the time,1,Very often,3,Sometimes,2,Very often,3,Very often,3,Sometimes,2,A little bit of the time,1,Very often,3,Sometimes,2,Very often,3,Never,0,A little bit of the time,1,Very often,3,Never,0,Sometimes,2,Very often,3,Sometimes,2,iPhone 7/7 Plus,College (Bachelor's),2,Midwest,Male,0,10/31/2016 18:30:29,More than 3 hours
Tumblr,entertainment,Very often,3,A little bit of the time,1,Sometimes,2,Never,0,Sometimes,2,A little bit of the time,1,Never,0,Never,0,Never,0,Sometimes,2,A little bit of the time,1,All of the time,4,All of the time,4,Never,0,Very often,3,A little bit of the time,1,Sometimes,2,Never,0,Never,0,Never,0,Never,0,A little bit of the time,1,A little bit of the time,1,Never,0,Never,0,Never,0,Never,0,22,22,Facebook,social,All of the time,4,Very often,3,Very often,3,Sometimes,2,A little bit of the time,1,Very often,3,Sometimes,2,A little bit of the time,1,Never,0,Sometimes,2,A little bit of the time,1,A little bit of the time,1,Sometimes,2,Sometimes,2,Very often,3,Very often,3,Very often,3,Sometimes,2,A little bit of the time,1,All of the time,4,Sometimes,2,Sometimes,2,Sometimes,2,Never,0,Never,0,Very often,3,A little bit of the time,1,iPhone 7/7 Plus,College (Bachelor's),2,Northeast,Female,1,10/31/2016 18:37:45,More than 3 hours
Candy Crush,entertainment,Very often,3,Never,0,Sometimes,2,Never,0,Never,0,Never,0,Never,0,Never,0,Never,0,Never,0,Very often,3,Never,0,Never,0,Never,0,Never,0,Never,0,Never,0,Never,0,Never,0,Never,0,A little bit of the time,1,A little bit of the time,1,A little bit of the time,1,Never,0,Never,0,Never,0,Never,0,23,23,Facebook,social,All of the time,4,Never,0,Sometimes,2,Sometimes,2,Sometimes,2,Sometimes,2,Very often,3,Very often,3,Never,0,Sometimes,2,Never,0,Sometimes,2,Sometimes,2,Very often,3,Very often,3,Very often,3,Very often,3,Very often,3,Sometimes,2,Sometimes,2,Sometimes,2,Very often,3,Very often,3,Never,0,A little bit of the time,1,Sometimes,2,A little bit of the time,1,iPhone 6/6S/6S Plus,College (Bachelor's),2,West,Female,1,10/31/2016 18:44:46,More than 3 hours
Words With Friends,entertainment,Never,0,A little bit of the time,1,A little bit of the time,1,Never,0,Never,0,Never,0,Never,0,Never,0,Never,0,Never,0,All of the time,4,Never,0,Never,0,A little bit of the time,1,Never,0,Sometimes,2,A little bit of the time,1,Never,0,Never,0,Never,0,Sometimes,2,Sometimes,2,All of the time,4,Never,0,Never,0,Never,0,Never,0,24,24,Facebook,social,All of the time,4,Very often,3,Sometimes,2,Sometimes,2,A little bit of the time,1,All of the time,4,All of the time,4,All of the time,4,Never,0,A little bit of the time,1,A little bit of the time,1,Sometimes,2,Sometimes,2,Very often,3,Sometimes,2,Sometimes,2,Very often,3,Never,0,Never,0,Never,0,Sometimes,2,Very often,3,Very often,3,Never,0,Never,0,Never,0,Never,0,iPhone 6/6S/6S Plus,Graduate (PhD),4,West,Female,1,10/31/2016 18:45:40,More than 3 hours
Pinterest,entertainment,A little bit of the time,1,Never,0,A little bit of the time,1,Never,0,A little bit of the time,1,A little bit of the time,1,A little bit of the time,1,Never,0,Never,0,Sometimes,2,A little bit of the time,1,A little bit of the time,1,Sometimes,2,A little bit of the time,1,Never,0,Never,0,Never,0,A little bit of the time,1,A little bit of the time,1,Never,0,Never,0,Never,0,A little bit of the time,1,Never,0,Never,0,Never,0,A little bit of the time,1,32,32,Facebook,social,Very often,3,Very often,3,Very often,3,A little bit of the time,1,A little bit of the time,1,Sometimes,2,A little bit of the time,1,A little bit of the time,1,Never,0,All of the time,4,Sometimes,2,Very often,3,Very often,3,Sometimes,2,Very often,3,Very often,3,Very often,3,Sometimes,2,Sometimes,2,A little bit of the time,1,Very often,3,Sometimes,2,Sometimes,2,Never,0,Never,0,A little bit of the time,1,A little bit of the time,1,iPhone 7/7 Plus,Graduate (PhD),4,Northeast,Female,1,10/31/2016 18:51:32,More than 3 hours
Yelp,rewards,Never,0,Never,0,Sometimes,2,Very often,3,Very often,3,A little bit of the time,1,Very often,3,Sometimes,2,Never,0,Never,0,All of the time,4,Very often,3,Sometimes,2,Never,0,Never,0,A little bit of the time,1,Never,0,Sometimes,2,Sometimes,2,Sometimes,2,A little bit of the time,1,Sometimes,2,Sometimes,2,A little bit of the time,1,Never,0,Very often,3,Sometimes,2,25,25,Facebook,social,Sometimes,2,A little bit of the time,1,Very often,3,Sometimes,2,Sometimes,2,Very often,3,Sometimes,2,Very often,3,Never,0,Sometimes,2,Never,0,Sometimes,2,A little bit of the time,1,All of the time,4,All of the time,4,Very often,3,All of the time,4,Very often,3,Very often,3,Never,0,Sometimes,2,Very often,3,Very often,3,Never,0,Sometimes,2,Very often,3,Sometimes,2,iPhone 6/6S/6S Plus,College (Bachelor's),2,South,Female,1,10/31/2016 19:33:25,More than 3 hours
Instagram,social,Never,0,Never,0,Never,0,Never,0,Never,0,A little bit of the time,1,Never,0,Never,0,A little bit of the time,1,A little bit of the time,1,A little bit of the time,1,A little bit of the time,1,A little bit of the time,1,A little bit of the time,1,Never,0,Never,0,Never,0,Never,0,Never,0,A little bit of the time,1,Never,0,Never,0,A little bit of the time,1,Never,0,Never,0,Never,0,Never,0,33,33,Facebook,social,A little bit of the time,1,Very often,3,Very often,3,Sometimes,2,A little bit of the time,1,A little bit of the time,1,A little bit of the time,1,Sometimes,2,Very often,3,Very often,3,Very often,3,Very often,3,Very often,3,Very often,3,All of the time,4,All of the time,4,All of the time,4,Very often,3,Very often,3,Very often,3,Sometimes,2,Sometimes,2,A little bit of the time,1,A little bit of the time,1,A little bit of the time,1,A little bit of the time,1,Sometimes,2,iPhone 5/5S/5C or older,Graduate (PhD),4,International,Female,1,10/31/2016 19:45:32,More than 3 hours
Words With Friends,entertainment,Very often,3,Very often,3,Very often,3,Never,0,Never,0,Never,0,Never,0,Never,0,Never,0,Never,0,All of the time,4,Never,0,Never,0,Never,0,A little bit of the time,1,Sometimes,2,Never,0,Never,0,Never,0,Never,0,Sometimes,2,Sometimes,2,Very often,3,Never,0,Never,0,Never,0,Never,0,25,25,Facebook,social,All of the time,4,Very often,3,Very often,3,A little bit of the time,1,Sometimes,2,Very often,3,Very often,3,Very often,3,Never,0,Sometimes,2,A little bit of the time,1,Sometimes,2,Never,0,Very often,3,Very often,3,Very often,3,All of the time,4,Sometimes,2,Sometimes,2,Never,0,Very often,3,Very often,3,All of the time,4,Never,0,Sometimes,2,Very often,3,Sometimes,2,iPhone 6/6S/6S Plus,Graduate (PhD),4,Midwest,Female,1,10/31/2016 20:00:42,Between 1 and 3 hours
Candy Crush,entertainment,Very often,3,Sometimes,2,Sometimes,2,Never,0,Never,0,Never,0,Never,0,Never,0,Never,0,Never,0,All of the time,4,Never,0,Never,0,Never,0,Never,0,Never,0,Never,0,Never,0,Never,0,A little bit of the time,1,Sometimes,2,Very often,3,Sometimes,2,Never,0,Never,0,Never,0,Never,0,24,24,Facebook,social,Very often,3,A little bit of the time,1,Very often,3,Sometimes,2,Very often,3,All of the time,4,Very often,3,Very often,3,Never,0,Sometimes,2,A little bit of the time,1,Never,0,A little bit of the time,1,Sometimes,2,Very often,3,Very often,3,All of the time,4,Sometimes,2,A little bit of the time,1,A little bit of the time,1,Sometimes,2,Very often,3,Sometimes,2,A little bit of the time,1,A little bit of the time,1,A little bit of the time,1,Sometimes,2,iPhone 5/5S/5C or older,Graduate (PhD),4,West,Female,1,10/31/2016 20:05:06,More than 3 hours
Words With Friends,entertainment,Never,0,Never,0,A little bit of the time,1,Never,0,Never,0,Never,0,Never,0,Never,0,Never,0,Never,0,All of the time,4,Sometimes,2,A little bit of the time,1,A little bit of the time,1,A little bit of the time,1,Sometimes,2,Never,0,Never,0,A little bit of the time,1,Sometimes,2,A little bit of the time,1,A little bit of the time,1,Sometimes,2,Never,0,Never,0,Never,0,Sometimes,2,32,32,Facebook,social,Very often,3,A little bit of the time,1,A little bit of the time,1,Sometimes,2,A little bit of the time,1,A little bit of the time,1,Sometimes,2,Never,0,Never,0,A little bit of the time,1,Very often,3,Sometimes,2,A little bit of the time,1,Sometimes,2,Sometimes,2,Very often,3,Very often,3,Never,0,A little bit of the time,1,A little bit of the time,1,A little bit of the time,1,Sometimes,2,Very often,3,Never,0,Never,0,Never,0,Sometimes,2,iPhone 6/6S/6S Plus,Graduate (Master's),3,Northeast,Female,1,10/31/2016 20:09:10,More than 3 hours
Candy Crush,entertainment,Sometimes,2,A little bit of the time,1,Sometimes,2,Never,0,Never,0,Never,0,Never,0,Never,0,Never,0,Never,0,All of the time,4,A little bit of the time,1,Never,0,Never,0,Never,0,Never,0,Never,0,Never,0,Never,0,Very often,3,Sometimes,2,Sometimes,2,Sometimes,2,Never,0,Never,0,Never,0,Never,0,23,23,Facebook,social,Sometimes,2,Sometimes,2,Sometimes,2,Sometimes,2,Very often,3,Very often,3,Very often,3,Very often,3,Never,0,Sometimes,2,A little bit of the time,1,A little bit of the time,1,Very often,3,Sometimes,2,Very often,3,Very often,3,Very often,3,Sometimes,2,Sometimes,2,A little bit of the time,1,A little bit of the time,1,Sometimes,2,A little bit of the time,1,A little bit of the time,1,Sometimes,2,Sometimes,2,Very often,3,iPhone 5/5S/5C or older,College (Bachelor's),2,International,Female,1,10/31/2016 20:40:59,Between 1 and 3 hours
Words With Friends,entertainment,Never,0,Never,0,Never,0,Never,0,Never,0,Never,0,Never,0,Never,0,Never,0,Never,0,Never,0,Never,0,Never,0,Never,0,Never,0,Never,0,Never,0,Never,0,Never,0,Never,0,Never,0,Never,0,Never,0,Never,0,Never,0,Never,0,Never,0,36,36,Facebook,social,Very often,3,Very often,3,Very often,3,A little bit of the time,1,A little bit of the time,1,Very often,3,Sometimes,2,Sometimes,2,Never,0,A little bit of the time,1,Very often,3,Sometimes,2,Sometimes,2,Very often,3,Very often,3,Very often,3,All of the time,4,Sometimes,2,A little bit of the time,1,Sometimes,2,Very often,3,Sometimes,2,Very often,3,A little bit of the time,1,Never,0,A little bit of the time,1,A little bit of the time,1,iPhone 5/5S/5C or older,Graduate (Master's),3,West,Female,1,10/31/2016 21:04:04,Between 1 and 3 hours
Angry Birds,,Very often,3,A little bit of the time,1,Sometimes,2,Never,0,Never,0,Never,0,Never,0,Never,0,Never,0,Never,0,All of the time,4,Never,0,Never,0,Never,0,Never,0,Never,0,Never,0,Never,0,Sometimes,2,Sometimes,2,Sometimes,2,All of the time,4,Very often,3,Never,0,Never,0,Never,0,Never,0,24,24,Facebook,social,Very often,3,Sometimes,2,Sometimes,2,Never,0,Never,0,A little bit of the time,1,A little bit of the time,1,A little bit of the time,1,Never,0,Never,0,Very often,3,Sometimes,2,A little bit of the time,1,Very often,3,Sometimes,2,Very often,3,Very often,3,Sometimes,2,Sometimes,2,Very often,3,Sometimes,2,Sometimes,2,Very often,3,Never,0,A little bit of the time,1,Sometimes,2,Sometimes,2,iPhone 5/5S/5C or older,Graduate (Master's),3,Midwest,Female,1,10/31/2016 22:35:35,Between 1 and 3 hours
Pinterest,entertainment,Sometimes,2,Sometimes,2,Very often,3,Sometimes,2,Sometimes,2,Sometimes,2,Very often,3,Never,0,Never,0,Sometimes,2,Never,0,Very often,3,Very often,3,Sometimes,2,Never,0,Never,0,Never,0,Never,0,Sometimes,2,Never,0,A little bit of the time,1,Never,0,Very often,3,Never,0,Sometimes,2,Never,0,Never,0,21,21,Facebook,social,Very often,3,Never,0,A little bit of the time,1,A little bit of the time,1,A little bit of the time,1,A little bit of the time,1,A little bit of the time,1,Sometimes,2,Never,0,Never,0,Very often,3,A little bit of the time,1,Never,0,Very often,3,A little bit of the time,1,Sometimes,2,Very often,3,A little bit of the time,1,A little bit of the time,1,Never,0,Never,0,Never,0,Sometimes,2,Never,0,A little bit of the time,1,A little bit of the time,1,Very often,3,iPhone 5/5S/5C or older,College (Bachelor's),2,West,Female,1,10/31/2016 23:26:52,More than 3 hours
Candy Crush,entertainment,Very often,3,Very often,3,Very often,3,Never,0,Never,0,Never,0,Never,0,Never,0,Never,0,Never,0,All of the time,4,Never,0,Never,0,Never,0,Never,0,Never,0,Never,0,Never,0,Never,0,Never,0,Very often,3,Very often,3,A little bit of the time,1,Never,0,Never,0,Never,0,Never,0,27,27,Facebook,social,All of the time,4,Very often,3,Very often,3,Very often,3,Very often,3,All of the time,4,Very often,3,All of the time,4,Never,0,A little bit of the time,1,Very often,3,Very often,3,Very often,3,All of the time,4,Very often,3,All of the time,4,All of the time,4,Never,0,A little bit of the time,1,Never,0,Very often,3,A little bit of the time,1,Very often,3,Never,0,Sometimes,2,Never,0,Never,0,Android,College (Bachelor's),2,International,non-binary,,10/31/2016 23:49:42,More than 3 hours
Candy Crush,entertainment,Sometimes,2,Sometimes,2,Sometimes,2,Never,0,Never,0,Never,0,Never,0,Never,0,Never,0,A little bit of the time,1,Very often,3,Never,0,Very often,3,Never,0,Never,0,A little bit of the time,1,Never,0,Never,0,Sometimes,2,Sometimes,2,Sometimes,2,Sometimes,2,All of the time,4,Never,0,Never,0,Never,0,Never,0,30,30,Facebook,social,All of the time,4,All of the time,4,All of the time,4,Never,0,Very often,3,All of the time,4,Very often,3,All of the time,4,Never,0,Very often,3,A little bit of the time,1,Sometimes,2,Very often,3,Sometimes,2,Very often,3,All of the time,4,All of the time,4,Never,0,Sometimes,2,Sometimes,2,Sometimes,2,Very often,3,All of the time,4,Never,0,Never,0,Never,0,Sometimes,2,iPhone 6/6S/6S Plus,Graduate (Master's),3,International,Female,1,10/31/2016 23:53:23,More than 3 hours
Words With Friends,entertainment,Sometimes,2,Sometimes,2,Sometimes,2,Never,0,Never,0,Never,0,Never,0,Never,0,Never,0,Never,0,Very often,3,A little bit of the time,1,Never,0,Very often,3,Never,0,Sometimes,2,A little bit of the time,1,Never,0,Sometimes,2,Very often,3,Sometimes,2,Very often,3,Very often,3,Never,0,Never,0,Never,0,Sometimes,2,19,19,Facebook Messenger,social,A little bit of the time,1,A little bit of the time,1,Sometimes,2,Sometimes,2,A little bit of the time,1,Very often,3,Very often,3,Sometimes,2,A little bit of the time,1,Very often,3,A little bit of the time,1,Very often,3,Very often,3,A little bit of the time,1,Very often,3,Very often,3,Very often,3,Very often,3,Very often,3,Very often,3,Sometimes,2,Very often,3,Very often,3,Sometimes,2,Sometimes,2,Very often,3,Very often,3,iPhone 7/7 Plus,College (Bachelor's),2,South,Male,0,10/31/2016 18:34:24,Between 1 and 3 hours
Groupon,rewards,Sometimes,2,A little bit of the time,1,Sometimes,2,Never,0,Very often,3,Never,0,Sometimes,2,Never,0,All of the time,4,Sometimes,2,Very often,3,Very often,3,Sometimes,2,Never,0,Never,0,Never,0,Never,0,A little bit of the time,1,Very often,3,Never,0,Never,0,Never,0,Sometimes,2,Sometimes,2,Never,0,Never,0,Sometimes,2,26,26,Facebook Messenger,social,Very often,3,All of the time,4,All of the time,4,All of the time,4,Sometimes,2,Very often,3,All of the time,4,Very often,3,A little bit of the time,1,Sometimes,2,All of the time,4,Sometimes,2,A little bit of the time,1,All of the time,4,All of the time,4,All of the time,4,All of the time,4,All of the time,4,Sometimes,2,Very often,3,Very often,3,Very often,3,Sometimes,2,Sometimes,2,Never,0,Sometimes,2,Sometimes,2,Android,Graduate (Master's),3,South,Male,0,10/31/2016 18:41:21,Between 1 and 3 hours
Words With Friends,entertainment,Very often,3,Sometimes,2,Sometimes,2,Never,0,Never,0,Never,0,Never,0,Never,0,Never,0,Never,0,Very often,3,Never,0,Never,0,A little bit of the time,1,Never,0,Sometimes,2,A little bit of the time,1,Never,0,A little bit of the time,1,Sometimes,2,Never,0,A little bit of the time,1,Very often,3,Never,0,Never,0,Never,0,Never,0,19,19,Facebook Messenger,social,Sometimes,2,Sometimes,2,Very often,3,A little bit of the time,1,Very often,3,Sometimes,2,A little bit of the time,1,Very often,3,Never,0,Sometimes,2,Very often,3,All of the time,4,Never,0,A little bit of the time,1,All of the time,4,Very often,3,Sometimes,2,Very often,3,Sometimes,2,Sometimes,2,Very often,3,Very often,3,All of the time,4,A little bit of the time,1,A little bit of the time,1,A little bit of the time,1,A little bit of the time,1,iPhone 6/6S/6S Plus,College (Bachelor's),2,International,Female,1,10/31/2016 19:08:32,More than 3 hours
Words With Friends,entertainment,A little bit of the time,1,A little bit of the time,1,A little bit of the time,1,Never,0,A little bit of the time,1,Never,0,Never,0,Never,0,Never,0,Never,0,A little bit of the time,1,Never,0,A little bit of the time,1,Never,0,A little bit of the time,1,Sometimes,2,Never,0,Never,0,Never,0,A little bit of the time,1,A little bit of the time,1,A little bit of the time,1,A little bit of the time,1,Never,0,Never,0,Never,0,A little bit of the time,1,24,24,Facebook Messenger,social,A little bit of the time,1,A little bit of the time,1,Sometimes,2,Very often,3,Never,0,Very often,3,Very often,3,Very often,3,Never,0,Never,0,All of the time,4,A little bit of the time,1,A little bit of the time,1,A little bit of the time,1,All of the time,4,Very often,3,Very often,3,Very often,3,Sometimes,2,Very often,3,All of the time,4,All of the time,4,All of the time,4,Very often,3,Very often,3,Very often,3,Sometimes,2,Android,Graduate (PhD),4,South,Male,0,10/31/2016 19:14:06,Between 1 and 3 hours
Uber,useful,Never,0,Never,0,A little bit of the time,1,All of the time,4,Never,0,Never,0,All of the time,4,Very often,3,Never,0,Never,0,All of the time,4,All of the time,4,Never,0,Never,0,Never,0,Never,0,Never,0,All of the time,4,Very often,3,Never,0,A little bit of the time,1,Very often,3,Very often,3,Sometimes,2,Never,0,Never,0,All of the time,4,23,23,Facebook Messenger,social,A little bit of the time,1,A little bit of the time,1,All of the time,4,All of the time,4,Very often,3,Very often,3,All of the time,4,Very often,3,Never,0,A little bit of the time,1,Very often,3,Sometimes,2,Sometimes,2,Very often,3,All of the time,4,All of the time,4,Sometimes,2,All of the time,4,A little bit of the time,1,A little bit of the time,1,A little bit of the time,1,Very often,3,Sometimes,2,A little bit of the time,1,Never,0,Very often,3,All of the time,4,Android,Graduate (PhD),4,Midwest,Female,1,10/31/2016 19:24:40,Less than an hour
Words With Friends,entertainment,Very often,3,Sometimes,2,Sometimes,2,Never,0,Never,0,Never,0,Never,0,Never,0,Never,0,Never,0,All of the time,4,Never,0,A little bit of the time,1,Never,0,A little bit of the time,1,Sometimes,2,Never,0,Never,0,Never,0,Very often,3,A little bit of the time,1,Sometimes,2,Sometimes,2,Never,0,Never,0,Never,0,Never,0,28,28,Facebook Messenger,social,Sometimes,2,Sometimes,2,Very often,3,Very often,3,Never,0,Never,0,Sometimes,2,Sometimes,2,Never,0,A little bit of the time,1,Very often,3,Very often,3,A little bit of the time,1,Sometimes,2,Very often,3,Very often,3,Very often,3,Very often,3,A little bit of the time,1,Never,0,Sometimes,2,Very often,3,Very often,3,Sometimes,2,A little bit of the time,1,Sometimes,2,Very often,3,Android,College (Bachelor's),2,West,Male,0,10/31/2016 19:52:31,Between 1 and 3 hours
Tumblr,entertainment,All of the time,4,All of the time,4,All of the time,4,A little bit of the time,1,Very often,3,Very often,3,Sometimes,2,Never,0,Never,0,All of the time,4,A little bit of the time,1,All of the time,4,All of the time,4,All of the time,4,Very often,3,A little bit of the time,1,Never,0,Never,0,Sometimes,2,Never,0,Sometimes,2,A little bit of the time,1,A little bit of the time,1,Never,0,Never,0,Never,0,Sometimes,2,17,17,Facebook Messenger,social,A little bit of the time,1,Sometimes,2,Very often,3,Sometimes,2,A little bit of the time,1,A little bit of the time,1,Very often,3,Very often,3,Never,0,Very often,3,A little bit of the time,1,Very often,3,Sometimes,2,Very often,3,All of the time,4,All of the time,4,All of the time,4,All of the time,4,Sometimes,2,A little bit of the time,1,Very often,3,Sometimes,2,Very often,3,Very often,3,Very often,3,Very often,3,Very often,3,iPhone 5/5S/5C or older,High School,1,West,Female,1,10/31/2016 20:11:20,More than 3 hours
Google Search,info,A little bit of the time,1,Never,0,Sometimes,2,Very often,3,Very often,3,All of the time,4,All of the time,4,Sometimes,2,Never,0,All of the time,4,Never,0,Very often,3,Very often,3,Never,0,A little bit of the time,1,Never,0,Never,0,Never,0,Very often,3,Never,0,Very often,3,Very often,3,All of the time,4,Very often,3,Very often,3,Sometimes,2,Never,0,22,22,Facebook Messenger,social,Sometimes,2,A little bit of the time,1,All of the time,4,Very often,3,Never,0,Sometimes,2,Sometimes,2,Sometimes,2,Never,0,All of the time,4,Sometimes,2,Never,0,A little bit of the time,1,A little bit of the time,1,All of the time,4,All of the time,4,All of the time,4,All of the time,4,A little bit of the time,1,Never,0,Very often,3,All of the time,4,Sometimes,2,Very often,3,Very often,3,All of the time,4,Sometimes,2,iPhone 6/6S/6S Plus,College (Bachelor's),2,West,Male,0,10/31/2016 20:50:32,More than 3 hours
Instagram,social,Never,0,Never,0,A little bit of the time,1,Never,0,A little bit of the time,1,Never,0,Never,0,Never,0,A little bit of the time,1,Very often,3,A little bit of the time,1,A little bit of the time,1,Sometimes,2,Sometimes,2,A little bit of the time,1,A little bit of the time,1,A little bit of the time,1,Never,0,A little bit of the time,1,All of the time,4,A little bit of the time,1,Sometimes,2,Never,0,Never,0,Never,0,A little bit of the time,1,Never,0,16,16,Facebook Messenger,social,Sometimes,2,Sometimes,2,Very often,3,All of the time,4,Sometimes,2,Sometimes,2,All of the time,4,All of the time,4,A little bit of the time,1,Very often,3,A little bit of the time,1,Sometimes,2,Very often,3,Sometimes,2,Very often,3,Very often,3,Sometimes,2,All of the time,4,Very often,3,Sometimes,2,Very often,3,Very often,3,Very often,3,Very often,3,Sometimes,2,Very often,3,Very often,3,iPhone 5/5S/5C or older,High School,1,West,Male,0,10/31/2016 23:03:17,Between 1 and 3 hours
Facebook,social,Sometimes,2,Sometimes,2,A little bit of the time,1,A little bit of the time,1,A little bit of the time,1,A little bit of the time,1,A little bit of the time,1,A little bit of the time,1,Never,0,Sometimes,2,Sometimes,2,Sometimes,2,Sometimes,2,Sometimes,2,A little bit of the time,1,Sometimes,2,Sometimes,2,A little bit of the time,1,A little bit of the time,1,Very often,3,Sometimes,2,A little bit of the time,1,A little bit of the time,1,Never,0,A little bit of the time,1,A little bit of the time,1,Never,0,22,22,Facebook Messenger,social,Very often,3,Very often,3,Very often,3,Sometimes,2,Sometimes,2,Sometimes,2,Sometimes,2,Sometimes,2,Never,0,A little bit of the time,1,Sometimes,2,A little bit of the time,1,A little bit of the time,1,A little bit of the time,1,Very often,3,Very often,3,Very often,3,Very often,3,A little bit of the time,1,Sometimes,2,Very often,3,Very often,3,Very often,3,Sometimes,2,Sometimes,2,Sometimes,2,Sometimes,2,Android,College (Bachelor's),2,Northeast,Female,1,11/1/2016 4:05:28,Between 1 and 3 hours
Words With Friends,entertainment,Never,0,Sometimes,2,Sometimes,2,Very often,3,A little bit of the time,1,Never,0,Very often,3,Very often,3,Never,0,Never,0,All of the time,4,A little bit of the time,1,Never,0,A little bit of the time,1,A little bit of the time,1,Very often,3,A little bit of the time,1,Never,0,Never,0,A little bit of the time,1,Never,0,Sometimes,2,Never,0,Never,0,Never,0,Never,0,A little bit of the time,1,24,24,Facebook Messenger,social,A little bit of the time,1,A little bit of the time,1,A little bit of the time,1,Sometimes,2,A little bit of the time,1,Sometimes,2,A little bit of the time,1,Sometimes,2,Never,0,A little bit of the time,1,Very often,3,Sometimes,2,A little bit of the time,1,Sometimes,2,All of the time,4,All of the time,4,Very often,3,Very often,3,A little bit of the time,1,Very often,3,Never,0,Never,0,Very often,3,Sometimes,2,Very often,3,Very often,3,Sometimes,2,Android,College (Bachelor's),2,Northeast,Nb,,11/1/2016 20:27:26,More than 3 hours
Facebook,social,Very often,3,Very often,3,A little bit of the time,1,A little bit of the time,1,A little bit of the time,1,Sometimes,2,A little bit of the time,1,Sometimes,2,Never,0,A little bit of the time,1,Very often,3,Sometimes,2,A little bit of the time,1,Very often,3,A little bit of the time,1,Sometimes,2,Very often,3,A little bit of the time,1,Sometimes,2,A little bit of the time,1,Sometimes,2,A little bit of the time,1,Very often,3,Never,0,Sometimes,2,Sometimes,2,Never,0,26,26,Google Maps,info,Never,0,Never,0,Very often,3,All of the time,4,Sometimes,2,A little bit of the time,1,All of the time,4,All of the time,4,A little bit of the time,1,A little bit of the time,1,Very often,3,Very often,3,Sometimes,2,Never,0,A little bit of the time,1,Sometimes,2,Never,0,All of the time,4,Very often,3,Never,0,All of the time,4,Very often,3,Sometimes,2,Sometimes,2,Very often,3,All of the time,4,All of the time,4,iPhone 5/5S/5C or older,Graduate (PhD),4,Midwest,Male,0,10/31/2016 18:57:14,More than 3 hours
Words With Friends,entertainment,Never,0,Never,0,Never,0,Never,0,A little bit of the time,1,Never,0,Never,0,Never,0,Never,0,Never,0,Never,0,Never,0,Never,0,Never,0,Never,0,A little bit of the time,1,Never,0,Never,0,Never,0,Never,0,Never,0,Never,0,A little bit of the time,1,Never,0,Never,0,Never,0,Never,0,26,26,Google Maps,info,Never,0,Never,0,All of the time,4,All of the time,4,All of the time,4,Very often,3,All of the time,4,All of the time,4,A little bit of the time,1,Sometimes,2,All of the time,4,Never,0,All of the time,4,Never,0,Never,0,Very often,3,Never,0,All of the time,4,Very often,3,Never,0,All of the time,4,All of the time,4,Very often,3,All of the time,4,Never,0,All of the time,4,All of the time,4,iPhone 6/6S/6S Plus,College (Bachelor's),2,West,Female,1,10/31/2016 19:17:59,More than 3 hours
Words With Friends,entertainment,Sometimes,2,Sometimes,2,Very often,3,Never,0,A little bit of the time,1,Never,0,Never,0,Never,0,Never,0,Never,0,All of the time,4,Never,0,A little bit of the time,1,Sometimes,2,Sometimes,2,Sometimes,2,A little bit of the time,1,Never,0,Never,0,Never,0,Sometimes,2,Very often,3,Very often,3,Never,0,Never,0,Never,0,Never,0,26,26,Google Maps,info,Never,0,A little bit of the time,1,All of the time,4,Very often,3,Very often,3,All of the time,4,All of the time,4,Very often,3,Never,0,A little bit of the time,1,All of the time,4,All of the time,4,Sometimes,2,Never,0,Sometimes,2,A little bit of the time,1,Never,0,Very often,3,A little bit of the time,1,Never,0,Sometimes,2,All of the time,4,Very often,3,All of the time,4,Very often,3,All of the time,4,Very often,3,iPhone 5/5S/5C or older,Graduate (PhD),4,International,Female,1,10/31/2016 20:49:44,Between 1 and 3 hours
YouTube,entertainment,Very often,3,Very often,3,A little bit of the time,1,Sometimes,2,A little bit of the time,1,A little bit of the time,1,A little bit of the time,1,A little bit of the time,1,Never,0,A little bit of the time,1,Very often,3,All of the time,4,Very often,3,Never,0,A little bit of the time,1,A little bit of the time,1,Never,0,A little bit of the time,1,Sometimes,2,A little bit of the time,1,Very often,3,All of the time,4,Very often,3,Sometimes,2,Never,0,Never,0,Sometimes,2,60,60,Google Maps,info,Never,0,Never,0,Very often,3,All of the time,4,Very often,3,A little bit of the time,1,Very often,3,Sometimes,2,Never,0,Sometimes,2,Very often,3,All of the time,4,A little bit of the time,1,Never,0,Never,0,Never,0,Never,0,A little bit of the time,1,Very often,3,A little bit of the time,1,Sometimes,2,All of the time,4,All of the time,4,Sometimes,2,Never,0,All of the time,4,All of the time,4,iPhone 6/6S/6S Plus,Graduate (Master's),3,West,Male,0,10/31/2016 21:14:00,Between 1 and 3 hours
Groupon,rewards,A little bit of the time,1,A little bit of the time,1,A little bit of the time,1,A little bit of the time,1,A little bit of the time,1,Sometimes,2,Sometimes,2,Sometimes,2,Very often,3,Sometimes,2,Sometimes,2,Sometimes,2,Very often,3,Sometimes,2,Never,0,A little bit of the time,1,A little bit of the time,1,A little bit of the time,1,Very often,3,Sometimes,2,A little bit of the time,1,A little bit of the time,1,Sometimes,2,A little bit of the time,1,A little bit of the time,1,Sometimes,2,Sometimes,2,27,27,Google Maps,info,A little bit of the time,1,Sometimes,2,Very often,3,All of the time,4,Sometimes,2,Very often,3,All of the time,4,All of the time,4,Never,0,A little bit of the time,1,All of the time,4,A little bit of the time,1,Sometimes,2,A little bit of the time,1,Sometimes,2,Sometimes,2,A little bit of the time,1,All of the time,4,Very often,3,Very often,3,Very often,3,Very often,3,All of the time,4,All of the time,4,Very often,3,All of the time,4,All of the time,4,iPhone 5/5S/5C or older,Graduate (Master's),3,Midwest,Female,1,10/31/2016 21:28:05,Between 1 and 3 hours
Candy Crush,entertainment,Very often,3,Very often,3,Very often,3,Never,0,A little bit of the time,1,Never,0,Never,0,Never,0,Never,0,Never,0,All of the time,4,A little bit of the time,1,Never,0,Never,0,Never,0,A little bit of the time,1,Never,0,Never,0,Sometimes,2,Never,0,Sometimes,2,Sometimes,2,Very often,3,Never,0,Never,0,Never,0,Never,0,33,33,Google Maps,info,Never,0,Never,0,Sometimes,2,All of the time,4,Sometimes,2,A little bit of the time,1,All of the time,4,All of the time,4,Never,0,A little bit of the time,1,All of the time,4,All of the time,4,A little bit of the time,1,Never,0,A little bit of the time,1,Never,0,Never,0,Very often,3,Sometimes,2,Never,0,Sometimes,2,Very often,3,Very often,3,Very often,3,Sometimes,2,All of the time,4,All of the time,4,iPhone 6/6S/6S Plus,Graduate (Master's),3,Midwest,Female,1,10/31/2016 22:27:54,Less than an hour
Snapchat,social,Very often,3,A little bit of the time,1,Very often,3,Never,0,Never,0,Sometimes,2,Never,0,Never,0,Never,0,Never,0,All of the time,4,Never,0,Never,0,A little bit of the time,1,Sometimes,2,Sometimes,2,Very often,3,Never,0,Very often,3,Never,0,Sometimes,2,A little bit of the time,1,All of the time,4,Never,0,Never,0,Never,0,Never,0,31,31,Google Maps,info,Never,0,Never,0,A little bit of the time,1,Very often,3,Never,0,Never,0,All of the time,4,All of the time,4,Never,0,Never,0,All of the time,4,Never,0,Never,0,Never,0,Never,0,Never,0,Never,0,A little bit of the time,1,A little bit of the time,1,Never,0,Never,0,A little bit of the time,1,All of the time,4,All of the time,4,Never,0,All of the time,4,All of the time,4,iPhone 6/6S/6S Plus,College (Bachelor's),2,West,Male,0,11/1/2016 0:49:15,More than 3 hours
2048,,Very often,3,Never,0,Sometimes,2,Never,0,Never,0,Never,0,Never,0,Never,0,Never,0,Never,0,All of the time,4,Never,0,Never,0,Never,0,Never,0,Never,0,Never,0,Never,0,Never,0,Never,0,Never,0,Never,0,Very often,3,Never,0,Never,0,Never,0,Never,0,26,26,Google Maps,info,Never,0,Never,0,A little bit of the time,1,Very often,3,Never,0,Never,0,Very often,3,Sometimes,2,Never,0,Never,0,All of the time,4,Never,0,Never,0,Never,0,Never,0,Never,0,Never,0,Very often,3,Never,0,Never,0,Never,0,Never,0,Never,0,Very often,3,Sometimes,2,Very often,3,Very often,3,iPhone 5/5S/5C or older,Graduate (PhD),4,Northeast,Female,1,11/1/2016 3:48:35,Between 1 and 3 hours
Facebook,social,Very often,3,A little bit of the time,1,Sometimes,2,A little bit of the time,1,Sometimes,2,Sometimes,2,Sometimes,2,Sometimes,2,Never,0,Very often,3,Never,0,Sometimes,2,Sometimes,2,All of the time,4,Sometimes,2,Very often,3,Very often,3,Sometimes,2,Sometimes,2,Never,0,Very often,3,Very often,3,Very often,3,Never,0,Sometimes,2,Very often,3,Very often,3,27,27,Google Maps,info,Never,0,Never,0,All of the time,4,Very often,3,Very often,3,A little bit of the time,1,Very often,3,Very often,3,A little bit of the time,1,Never,0,All of the time,4,Never,0,Never,0,Never,0,Never,0,Sometimes,2,Never,0,All of the time,4,Sometimes,2,Never,0,Very often,3,Very often,3,Sometimes,2,All of the time,4,Sometimes,2,All of the time,4,All of the time,4,iPhone 6/6S/6S Plus,Graduate (Master's),3,West,Female,1,11/1/2016 7:52:45,Between 1 and 3 hours
Facebook,social,Very often,3,Very often,3,Sometimes,2,Sometimes,2,Sometimes,2,Sometimes,2,Sometimes,2,All of the time,4,Never,0,A little bit of the time,1,A little bit of the time,1,A little bit of the time,1,Sometimes,2,A little bit of the time,1,Very often,3,Sometimes,2,Very often,3,A little bit of the time,1,Sometimes,2,Never,0,A little bit of the time,1,Very often,3,Very often,3,Never,0,Never,0,Sometimes,2,Sometimes,2,29,29,Instagram,social,All of the time,4,All of the time,4,All of the time,4,Sometimes,2,A little bit of the time,1,All of the time,4,Very often,3,Very often,3,Never,0,Very often,3,Never,0,Sometimes,2,Very often,3,All of the time,4,All of the time,4,All of the time,4,All of the time,4,Never,0,Sometimes,2,Never,0,Sometimes,2,All of the time,4,All of the time,4,Never,0,Sometimes,2,Never,0,Sometimes,2,iPhone 6/6S/6S Plus,Graduate (Master's),3,Northeast,Female,1,10/31/2016 18:54:08,Between 1 and 3 hours
Snapchat,social,A little bit of the time,1,Never,0,A little bit of the time,1,A little bit of the time,1,Sometimes,2,Sometimes,2,Sometimes,2,Sometimes,2,Never,0,A little bit of the time,1,A little bit of the time,1,Sometimes,2,A little bit of the time,1,Very often,3,Sometimes,2,Sometimes,2,Sometimes,2,Never,0,Very often,3,A little bit of the time,1,A little bit of the time,1,Never,0,Very often,3,Never,0,Sometimes,2,Never,0,Never,0,34,34,Instagram,social,All of the time,4,Very often,3,Very often,3,A little bit of the time,1,Very often,3,All of the time,4,Very often,3,All of the time,4,Very often,3,Sometimes,2,A little bit of the time,1,A little bit of the time,1,All of the time,4,All of the time,4,Very often,3,All of the time,4,All of the time,4,Sometimes,2,Never,0,Very often,3,All of the time,4,All of the time,4,Very often,3,A little bit of the time,1,Very often,3,A little bit of the time,1,Very often,3,iPhone 7/7 Plus,College (Bachelor's),2,Northeast,Female,1,10/31/2016 21:51:54,More than 3 hours
Groupon,rewards,Never,0,Never,0,Never,0,A little bit of the time,1,All of the time,4,A little bit of the time,1,Very often,3,A little bit of the time,1,All of the time,4,Never,0,All of the time,4,All of the time,4,Very often,3,Never,0,Never,0,Never,0,Never,0,A little bit of the time,1,Sometimes,2,A little bit of the time,1,Never,0,Never,0,Very often,3,A little bit of the time,1,A little bit of the time,1,Sometimes,2,Sometimes,2,22,22,Instagram,social,Sometimes,2,All of the time,4,Very often,3,Sometimes,2,All of the time,4,All of the time,4,Sometimes,2,Sometimes,2,Never,0,Sometimes,2,Never,0,All of the time,4,All of the time,4,All of the time,4,All of the time,4,All of the time,4,All of the time,4,A little bit of the time,1,Sometimes,2,Sometimes,2,Never,0,Sometimes,2,Very often,3,Never,0,All of the time,4,Never,0,A little bit of the time,1,iPhone 6/6S/6S Plus,College (Bachelor's),2,West,Female,1,10/31/2016 22:38:42,Between 1 and 3 hours
Safari,general_specific,Never,0,Never,0,Never,0,Never,0,Never,0,Never,0,Never,0,Never,0,Never,0,Never,0,Never,0,Sometimes,2,Never,0,Never,0,Never,0,Never,0,Never,0,Never,0,Never,0,Never,0,Never,0,Never,0,Very often,3,Never,0,Never,0,Never,0,Never,0,23,23,Instagram,social,All of the time,4,All of the time,4,All of the time,4,Sometimes,2,All of the time,4,All of the time,4,All of the time,4,All of the time,4,Never,0,All of the time,4,Sometimes,2,Very often,3,All of the time,4,Very often,3,Very often,3,Very often,3,Very often,3,A little bit of the time,1,All of the time,4,Never,0,All of the time,4,All of the time,4,All of the time,4,Sometimes,2,Very often,3,Never,0,Never,0,iPhone 6/6S/6S Plus,College (Bachelor's),2,Northeast,Female,1,10/31/2016 22:48:15,More than 3 hours
Pinterest,entertainment,Sometimes,2,Sometimes,2,Sometimes,2,Never,0,Never,0,Never,0,Never,0,Never,0,Never,0,Sometimes,2,A little bit of the time,1,All of the time,4,Sometimes,2,All of the time,4,Never,0,A little bit of the time,1,A little bit of the time,1,Never,0,Sometimes,2,A little bit of the time,1,Very often,3,Sometimes,2,Sometimes,2,Never,0,Sometimes,2,Never,0,Never,0,22,22,Instagram,social,Very often,3,All of the time,4,All of the time,4,Never,0,Never,0,Never,0,Never,0,Never,0,Never,0,Sometimes,2,Very often,3,All of the time,4,All of the time,4,All of the time,4,Never,0,All of the time,4,All of the time,4,Never,0,Very often,3,Sometimes,2,All of the time,4,All of the time,4,All of the time,4,A little bit of the time,1,Never,0,Never,0,Never,0,iPhone 6/6S/6S Plus,College (Bachelor's),2,West,Female,1,11/1/2016 4:46:21,More than 3 hours
Words With Friends,entertainment,All of the time,4,Very often,3,Very often,3,Never,0,Never,0,Never,0,Never,0,Never,0,Never,0,Never,0,Sometimes,2,Never,0,Never,0,Never,0,Very often,3,Sometimes,2,A little bit of the time,1,Never,0,A little bit of the time,1,All of the time,4,Sometimes,2,All of the time,4,Very often,3,Never,0,Never,0,Never,0,Never,0,21,21,Instagram,social,All of the time,4,All of the time,4,All of the time,4,A little bit of the time,1,Very often,3,All of the time,4,Sometimes,2,Sometimes,2,Never,0,All of the time,4,A little bit of the time,1,All of the time,4,All of the time,4,All of the time,4,All of the time,4,All of the time,4,All of the time,4,Never,0,All of the time,4,Never,0,Very often,3,All of the time,4,All of the time,4,Never,0,Very often,3,Never,0,Sometimes,2,iPhone 6/6S/6S Plus,College (Bachelor's),2,Northeast,Female,1,11/1/2016 16:00:49,More than 3 hours
Words With Friends,entertainment,Sometimes,2,Very often,3,All of the time,4,Never,0,Never,0,Never,0,Never,0,Never,0,Never,0,Never,0,Sometimes,2,Never,0,Very often,3,Never,0,A little bit of the time,1,Sometimes,2,Never,0,Never,0,Never,0,Sometimes,2,Never,0,Never,0,Sometimes,2,Never,0,Never,0,Never,0,Never,0,25,25,Instagram,social,Sometimes,2,Sometimes,2,All of the time,4,Never,0,Never,0,Never,0,Never,0,Never,0,Never,0,Never,0,Sometimes,2,All of the time,4,All of the time,4,All of the time,4,A little bit of the time,1,All of the time,4,Very often,3,Never,0,Sometimes,2,Never,0,Never,0,A little bit of the time,1,All of the time,4,Never,0,All of the time,4,Never,0,Never,0,Android,College (Bachelor's),2,West,Female,1,11/1/2016 18:41:42,More than 3 hours
Instagram,social,Never,0,Never,0,Never,0,Never,0,A little bit of the time,1,A little bit of the time,1,A little bit of the time,1,A little bit of the time,1,Never,0,Never,0,A little bit of the time,1,Never,0,A little bit of the time,1,Never,0,A little bit of the time,1,A little bit of the time,1,Never,0,A little bit of the time,1,Never,0,A little bit of the time,1,Never,0,Never,0,A little bit of the time,1,Never,0,A little bit of the time,1,Never,0,Never,0,27,27,Mail,useful,All of the time,4,All of the time,4,All of the time,4,All of the time,4,All of the time,4,All of the time,4,All of the time,4,All of the time,4,All of the time,4,All of the time,4,All of the time,4,All of the time,4,All of the time,4,All of the time,4,All of the time,4,All of the time,4,All of the time,4,All of the time,4,All of the time,4,All of the time,4,All of the time,4,All of the time,4,All of the time,4,All of the time,4,All of the time,4,All of the time,4,All of the time,4,iPhone 6/6S/6S Plus,Graduate (PhD),4,West,Male,0,10/31/2016 19:01:49,More than 3 hours
YouTube,entertainment,Sometimes,2,Sometimes,2,Sometimes,2,A little bit of the time,1,A little bit of the time,1,Very often,3,Sometimes,2,Sometimes,2,Never,0,Very often,3,Never,0,Very often,3,Very often,3,Never,0,Never,0,Never,0,Never,0,Never,0,A little bit of the time,1,Never,0,Sometimes,2,Very often,3,Sometimes,2,Never,0,Never,0,Never,0,Sometimes,2,31,31,Mail,useful,A little bit of the time,1,Never,0,Sometimes,2,Sometimes,2,Sometimes,2,All of the time,4,Sometimes,2,Sometimes,2,Sometimes,2,All of the time,4,Never,0,All of the time,4,Very often,3,Never,0,All of the time,4,Sometimes,2,Sometimes,2,All of the time,4,Never,0,Sometimes,2,A little bit of the time,1,Very often,3,Very often,3,Very often,3,All of the time,4,All of the time,4,All of the time,4,iPhone 5/5S/5C or older,Graduate (PhD),4,International,Male,0,10/31/2016 19:57:11,Between 1 and 3 hours
Pinterest,entertainment,Sometimes,2,A little bit of the time,1,A little bit of the time,1,A little bit of the time,1,A little bit of the time,1,Sometimes,2,A little bit of the time,1,A little bit of the time,1,Never,0,Never,0,A little bit of the time,1,Sometimes,2,Sometimes,2,Sometimes,2,Never,0,A little bit of the time,1,Never,0,Never,0,Sometimes,2,Sometimes,2,A little bit of the time,1,A little bit of the time,1,Sometimes,2,Never,0,Never,0,A little bit of the time,1,A little bit of the time,1,46,46,Mail,useful,A little bit of the time,1,A little bit of the time,1,Sometimes,2,Very often,3,A little bit of the time,1,Very often,3,Very often,3,Very often,3,A little bit of the time,1,A little bit of the time,1,Sometimes,2,Sometimes,2,Sometimes,2,Sometimes,2,Very often,3,Sometimes,2,A little bit of the time,1,Very often,3,A little bit of the time,1,Very often,3,A little bit of the time,1,A little bit of the time,1,Very often,3,Very often,3,Sometimes,2,Sometimes,2,Very often,3,iPhone 5/5S/5C or older,Graduate (Master's),3,West,Female,1,10/31/2016 23:23:51,Between 1 and 3 hours
Candy Crush,entertainment,Very often,3,Very often,3,Very often,3,Never,0,Never,0,Never,0,Never,0,Never,0,Never,0,Never,0,All of the time,4,A little bit of the time,1,Never,0,Never,0,Never,0,Never,0,Never,0,Never,0,Sometimes,2,All of the time,4,A little bit of the time,1,A little bit of the time,1,Sometimes,2,Never,0,Never,0,Never,0,Never,0,20,20,Messages,social,Sometimes,2,Sometimes,2,All of the time,4,Sometimes,2,Sometimes,2,Sometimes,2,All of the time,4,A little bit of the time,1,Never,0,Very often,3,A little bit of the time,1,A little bit of the time,1,Sometimes,2,Sometimes,2,All of the time,4,All of the time,4,All of the time,4,All of the time,4,A little bit of the time,1,A little bit of the time,1,A little bit of the time,1,All of the time,4,All of the time,4,All of the time,4,Very often,3,All of the time,4,All of the time,4,iPhone 5/5S/5C or older,College (Bachelor's),2,Northeast,Female,1,10/31/2016 18:53:05,More than 3 hours
Candy Crush,entertainment,Very often,3,A little bit of the time,1,A little bit of the time,1,A little bit of the time,1,Never,0,Never,0,Never,0,Never,0,Never,0,Never,0,A little bit of the time,1,A little bit of the time,1,Never,0,Never,0,Never,0,A little bit of the time,1,Never,0,Never,0,A little bit of the time,1,Very often,3,A little bit of the time,1,A little bit of the time,1,Very often,3,Never,0,Never,0,Never,0,Never,0,26,26,Messages,social,A little bit of the time,1,Sometimes,2,Very often,3,Sometimes,2,All of the time,4,All of the time,4,Sometimes,2,All of the time,4,A little bit of the time,1,Sometimes,2,Very often,3,Never,0,Very often,3,Never,0,All of the time,4,All of the time,4,All of the time,4,All of the time,4,A little bit of the time,1,Very often,3,Very often,3,Very often,3,Very often,3,All of the time,4,Sometimes,2,All of the time,4,All of the time,4,iPhone 7/7 Plus,College (Bachelor's),2,West,Female,1,10/31/2016 18:56:52,Between 1 and 3 hours
Mail,useful,A little bit of the time,1,A little bit of the time,1,A little bit of the time,1,A little bit of the time,1,A little bit of the time,1,Sometimes,2,Sometimes,2,Very often,3,A little bit of the time,1,Very often,3,Sometimes,2,A little bit of the time,1,Sometimes,2,A little bit of the time,1,Very often,3,Sometimes,2,Sometimes,2,Sometimes,2,Sometimes,2,A little bit of the time,1,Sometimes,2,Sometimes,2,Very often,3,Very often,3,Sometimes,2,Very often,3,Sometimes,2,32,32,Messages,social,A little bit of the time,1,A little bit of the time,1,Sometimes,2,Sometimes,2,Sometimes,2,Very often,3,Sometimes,2,Very often,3,A little bit of the time,1,Sometimes,2,A little bit of the time,1,Sometimes,2,Sometimes,2,Sometimes,2,Very often,3,Very often,3,Very often,3,Very often,3,Sometimes,2,A little bit of the time,1,A little bit of the time,1,Very often,3,Very often,3,Very often,3,Sometimes,2,Sometimes,2,Sometimes,2,iPhone 6/6S/6S Plus,Graduate (Master's),3,West,Female,1,10/31/2016 19:21:10,Between 1 and 3 hours
Snapchat,social,A little bit of the time,1,A little bit of the time,1,A little bit of the time,1,Never,0,Never,0,Never,0,Never,0,Never,0,Never,0,Never,0,Very often,3,Sometimes,2,A little bit of the time,1,A little bit of the time,1,Sometimes,2,Sometimes,2,Sometimes,2,Never,0,A little bit of the time,1,Never,0,Never,0,Never,0,A little bit of the time,1,Never,0,Never,0,Never,0,A little bit of the time,1,26,26,Messages,social,Sometimes,2,Sometimes,2,All of the time,4,All of the time,4,Sometimes,2,A little bit of the time,1,All of the time,4,All of the time,4,Never,0,A little bit of the time,1,All of the time,4,All of the time,4,Very often,3,Sometimes,2,All of the time,4,All of the time,4,All of the time,4,All of the time,4,Never,0,Never,0,Sometimes,2,Sometimes,2,Very often,3,Sometimes,2,Sometimes,2,Very often,3,All of the time,4,Android,Graduate (PhD),4,West,Female,1,10/31/2016 22:11:40,Less than an hour
Facebook,social,Very often,3,A little bit of the time,1,A little bit of the time,1,A little bit of the time,1,A little bit of the time,1,A little bit of the time,1,Sometimes,2,Sometimes,2,Never,0,Very often,3,A little bit of the time,1,Sometimes,2,Very often,3,Sometimes,2,Sometimes,2,All of the time,4,All of the time,4,Sometimes,2,Sometimes,2,A little bit of the time,1,A little bit of the time,1,Sometimes,2,Very often,3,A little bit of the time,1,Never,0,A little bit of the time,1,Never,0,40,40,Messages,social,Sometimes,2,Sometimes,2,All of the time,4,Sometimes,2,Sometimes,2,Very often,3,Very often,3,Very often,3,Never,0,Sometimes,2,Never,0,Never,0,A little bit of the time,1,Never,0,All of the time,4,Very often,3,Sometimes,2,All of the time,4,A little bit of the time,1,Never,0,A little bit of the time,1,Very often,3,All of the time,4,Very often,3,Sometimes,2,Very often,3,Sometimes,2,iPhone 6/6S/6S Plus,Graduate (Master's),3,International,Male,0,11/1/2016 14:38:44,Between 1 and 3 hours
Facebook,social,Very often,3,Never,0,A little bit of the time,1,A little bit of the time,1,A little bit of the time,1,A little bit of the time,1,Sometimes,2,A little bit of the time,1,Never,0,Never,0,All of the time,4,Sometimes,2,A little bit of the time,1,Sometimes,2,Never,0,Sometimes,2,Sometimes,2,A little bit of the time,1,A little bit of the time,1,A little bit of the time,1,A little bit of the time,1,Sometimes,2,Very often,3,A little bit of the time,1,A little bit of the time,1,A little bit of the time,1,A little bit of the time,1,25,25,Podcast,self_express,Very often,3,Very often,3,Very often,3,A little bit of the time,1,A little bit of the time,1,Very often,3,A little bit of the time,1,A little bit of the time,1,Never,0,Never,0,All of the time,4,All of the time,4,All of the time,4,Never,0,Never,0,Never,0,Never,0,Never,0,A little bit of the time,1,Very often,3,A little bit of the time,1,Sometimes,2,Very often,3,Sometimes,2,Never,0,Never,0,Sometimes,2,iPhone 6/6S/6S Plus,Graduate (PhD),4,West,Male,0,10/31/2016 19:07:22,Between 1 and 3 hours
Words With Friends,entertainment,Sometimes,2,A little bit of the time,1,Sometimes,2,Sometimes,2,Sometimes,2,Never,0,Never,0,Never,0,Never,0,Never,0,Sometimes,2,Never,0,Never,0,Never,0,All of the time,4,Very often,3,Sometimes,2,Never,0,Never,0,Very often,3,Never,0,Never,0,Sometimes,2,Never,0,Never,0,Never,0,A little bit of the time,1,24,24,Podcast,self_express,Sometimes,2,All of the time,4,All of the time,4,Sometimes,2,All of the time,4,All of the time,4,All of the time,4,Very often,3,Never,0,Sometimes,2,Very often,3,All of the time,4,All of the time,4,Sometimes,2,Very often,3,All of the time,4,A little bit of the time,1,Never,0,Never,0,Sometimes,2,Never,0,A little bit of the time,1,All of the time,4,All of the time,4,Never,0,Sometimes,2,Very often,3,iPhone 5/5S/5C or older,Graduate (PhD),4,Northeast,Female,1,10/31/2016 19:40:04,Between 1 and 3 hours
Music,self_express,Sometimes,2,Sometimes,2,Sometimes,2,Never,0,Never,0,Never,0,Never,0,Never,0,Never,0,Never,0,All of the time,4,All of the time,4,A little bit of the time,1,Never,0,Never,0,A little bit of the time,1,Never,0,Never,0,A little bit of the time,1,Never,0,A little bit of the time,1,A little bit of the time,1,A little bit of the time,1,Never,0,Never,0,Never,0,Never,0,29,29,Podcast,self_express,A little bit of the time,1,All of the time,4,All of the time,4,Never,0,Very often,3,Very often,3,A little bit of the time,1,A little bit of the time,1,Never,0,Very often,3,A little bit of the time,1,All of the time,4,All of the time,4,Never,0,A little bit of the time,1,Sometimes,2,Never,0,Never,0,A little bit of the time,1,Never,0,Sometimes,2,Very often,3,Very often,3,A little bit of the time,1,Never,0,Never,0,Never,0,iPhone 6/6S/6S Plus,Graduate (PhD),4,Northeast,Female,1,10/31/2016 21:07:00,Between 1 and 3 hours
Google Maps,info,Never,0,Never,0,Never,0,All of the time,4,Never,0,Never,0,All of the time,4,All of the time,4,Never,0,Never,0,All of the time,4,Never,0,Never,0,Never,0,Never,0,Never,0,Never,0,Never,0,A little bit of the time,1,Never,0,Never,0,Never,0,Never,0,Never,0,Never,0,Never,0,Never,0,21,21,Podcast,self_express,All of the time,4,All of the time,4,All of the time,4,Never,0,All of the time,4,All of the time,4,All of the time,4,All of the time,4,Never,0,All of the time,4,All of the time,4,All of the time,4,All of the time,4,Never,0,Never,0,All of the time,4,Never,0,Never,0,Sometimes,2,Never,0,All of the time,4,All of the time,4,All of the time,4,Never,0,Sometimes,2,Never,0,Never,0,iPhone 7/7 Plus,College (Bachelor's),2,South,Male,0,11/1/2016 8:45:11,Between 1 and 3 hours
Snapchat,social,A little bit of the time,1,A little bit of the time,1,A little bit of the time,1,Never,0,A little bit of the time,1,A little bit of the time,1,A little bit of the time,1,Never,0,Never,0,A little bit of the time,1,Very often,3,Very often,3,Never,0,Very often,3,A little bit of the time,1,A little bit of the time,1,Sometimes,2,Never,0,Sometimes,2,Never,0,Very often,3,Sometimes,2,Very often,3,Never,0,Never,0,Never,0,Sometimes,2,23,23,Safari,general_specific,Very often,3,A little bit of the time,1,Very often,3,Sometimes,2,Very often,3,All of the time,4,All of the time,4,All of the time,4,Never,0,All of the time,4,A little bit of the time,1,All of the time,4,All of the time,4,Never,0,Never,0,Sometimes,2,Never,0,Sometimes,2,Sometimes,2,Never,0,Sometimes,2,Sometimes,2,All of the time,4,Sometimes,2,Sometimes,2,All of the time,4,Sometimes,2,iPhone 6/6S/6S Plus,College (Bachelor's),2,West,Male,0,10/31/2016 18:39:07,More than 3 hours
Facebook,social,A little bit of the time,1,A little bit of the time,1,Sometimes,2,A little bit of the time,1,Sometimes,2,Never,0,A little bit of the time,1,A little bit of the time,1,Never,0,Sometimes,2,Sometimes,2,Sometimes,2,A little bit of the time,1,Sometimes,2,A little bit of the time,1,Very often,3,Very often,3,A little bit of the time,1,Sometimes,2,A little bit of the time,1,A little bit of the time,1,A little bit of the time,1,Very often,3,Never,0,Never,0,A little bit of the time,1,A little bit of the time,1,31,31,Safari,general_specific,Sometimes,2,Sometimes,2,Sometimes,2,Sometimes,2,Sometimes,2,All of the time,4,Sometimes,2,Sometimes,2,Sometimes,2,Very often,3,Very often,3,Very often,3,Sometimes,2,Never,0,Never,0,Never,0,Sometimes,2,Never,0,A little bit of the time,1,Never,0,Sometimes,2,Sometimes,2,Very often,3,Sometimes,2,A little bit of the time,1,Sometimes,2,Sometimes,2,iPhone 6/6S/6S Plus,Graduate (Master's),3,West,Male,0,10/31/2016 19:02:08,More than 3 hours
Music,self_express,Never,0,Never,0,A little bit of the time,1,Never,0,Never,0,Never,0,Never,0,Never,0,Never,0,Never,0,A little bit of the time,1,Never,0,A little bit of the time,1,Never,0,Never,0,Never,0,Never,0,Never,0,Never,0,Never,0,A little bit of the time,1,Never,0,All of the time,4,Never,0,Never,0,Never,0,A little bit of the time,1,23,23,Snapchat,social,Very often,3,Very often,3,All of the time,4,Never,0,Never,0,A little bit of the time,1,Never,0,Never,0,Never,0,Never,0,A little bit of the time,1,Sometimes,2,A little bit of the time,1,All of the time,4,Very often,3,Very often,3,Very often,3,A little bit of the time,1,Sometimes,2,A little bit of the time,1,Sometimes,2,Very often,3,Very often,3,A little bit of the time,1,Never,0,Never,0,Never,0,iPhone 7/7 Plus,College (Bachelor's),2,Northeast,Female,1,10/31/2016 18:41:14,Between 1 and 3 hours
Golf,,Sometimes,2,Sometimes,2,Sometimes,2,Never,0,Never,0,Never,0,Never,0,Never,0,Never,0,Never,0,All of the time,4,A little bit of the time,1,A little bit of the time,1,Never,0,Never,0,A little bit of the time,1,Never,0,Never,0,A little bit of the time,1,Never,0,A little bit of the time,1,A little bit of the time,1,Sometimes,2,Never,0,Never,0,Never,0,Never,0,23,23,Snapchat,social,Sometimes,2,Sometimes,2,Very often,3,Never,0,Never,0,Never,0,A little bit of the time,1,A little bit of the time,1,Never,0,Never,0,All of the time,4,All of the time,4,Never,0,Sometimes,2,Very often,3,Very often,3,Sometimes,2,A little bit of the time,1,A little bit of the time,1,Never,0,A little bit of the time,1,Sometimes,2,A little bit of the time,1,A little bit of the time,1,Never,0,Never,0,Sometimes,2,iPhone 5/5S/5C or older,Graduate (Master's),3,West,Male,0,10/31/2016 18:43:19,More than 3 hours
Music,self_express,Never,0,Never,0,A little bit of the time,1,Never,0,Never,0,Never,0,Never,0,Never,0,Never,0,Never,0,A little bit of the time,1,A little bit of the time,1,A little bit of the time,1,Never,0,Never,0,Never,0,Never,0,Never,0,A little bit of the time,1,Never,0,Never,0,A little bit of the time,1,A little bit of the time,1,Never,0,Never,0,Never,0,A little bit of the time,1,15,15,Snapchat,social,Very often,3,Very often,3,Very often,3,Sometimes,2,Never,0,Sometimes,2,Sometimes,2,Never,0,A little bit of the time,1,A little bit of the time,1,Very often,3,Sometimes,2,Very often,3,Very often,3,Very often,3,Very often,3,Very often,3,Sometimes,2,Sometimes,2,Very often,3,Very often,3,Sometimes,2,Sometimes,2,Never,0,Never,0,Never,0,Sometimes,2,iPhone 4s,High School,1,West,Female,1,10/31/2016 19:16:07,More than 3 hours
Words With Friends,entertainment,Never,0,Never,0,A little bit of the time,1,Never,0,A little bit of the time,1,Never,0,Never,0,Never,0,Never,0,Never,0,All of the time,4,Never,0,Never,0,Never,0,Never,0,A little bit of the time,1,Never,0,Never,0,A little bit of the time,1,Never,0,Never,0,Sometimes,2,Sometimes,2,Never,0,Never,0,Never,0,Never,0,25,25,Snapchat,social,All of the time,4,Sometimes,2,All of the time,4,A little bit of the time,1,Sometimes,2,All of the time,4,Sometimes,2,Very often,3,Never,0,Never,0,Very often,3,All of the time,4,All of the time,4,Very often,3,All of the time,4,All of the time,4,All of the time,4,A little bit of the time,1,Very often,3,A little bit of the time,1,Never,0,A little bit of the time,1,Sometimes,2,Never,0,A little bit of the time,1,A little bit of the time,1,Sometimes,2,iPhone 7/7 Plus,Graduate (Master's),3,Midwest,Female,1,10/31/2016 21:00:54,More than 3 hours
Tumblr,entertainment,Sometimes,2,Sometimes,2,Very often,3,A little bit of the time,1,Sometimes,2,Sometimes,2,Very often,3,Sometimes,2,Never,0,All of the time,4,A little bit of the time,1,Very often,3,Very often,3,Very often,3,A little bit of the time,1,Sometimes,2,Sometimes,2,Never,0,Very often,3,A little bit of the time,1,Very often,3,Very often,3,Very often,3,Never,0,Sometimes,2,Never,0,A little bit of the time,1,26,26,Snapchat,social,All of the time,4,All of the time,4,All of the time,4,Never,0,A little bit of the time,1,Very often,3,Never,0,A little bit of the time,1,Never,0,A little bit of the time,1,Very often,3,Sometimes,2,A little bit of the time,1,All of the time,4,All of the time,4,All of the time,4,All of the time,4,All of the time,4,Sometimes,2,Very often,3,Very often,3,Sometimes,2,Very often,3,A little bit of the time,1,Very often,3,Never,0,Sometimes,2,iPhone 6/6S/6S Plus,College (Bachelor's),2,West,Female,1,10/31/2016 21:07:30,More than 3 hours
Music,self_express,Sometimes,2,Sometimes,2,Sometimes,2,Never,0,Never,0,Never,0,Never,0,Never,0,Never,0,Never,0,A little bit of the time,1,Very often,3,Sometimes,2,Never,0,Never,0,Never,0,Never,0,Never,0,Sometimes,2,Never,0,A little bit of the time,1,Very often,3,Very often,3,Never,0,Never,0,Never,0,Never,0,26,26,Snapchat,social,Sometimes,2,Sometimes,2,Very often,3,Never,0,Sometimes,2,Never,0,Sometimes,2,Sometimes,2,Never,0,A little bit of the time,1,A little bit of the time,1,Sometimes,2,Sometimes,2,Very often,3,Very often,3,Very often,3,Very often,3,Never,0,Very often,3,Sometimes,2,Sometimes,2,Sometimes,2,Sometimes,2,Never,0,Never,0,Never,0,Never,0,iPhone 6/6S/6S Plus,College (Bachelor's),2,West,Female,1,10/31/2016 21:22:22,Between 1 and 3 hours
Music,self_express,Never,0,Never,0,Never,0,Never,0,Never,0,Never,0,Never,0,Never,0,Never,0,Never,0,Never,0,All of the time,4,Very often,3,Never,0,Never,0,Never,0,Never,0,Never,0,Sometimes,2,Never,0,Never,0,Never,0,All of the time,4,Never,0,Never,0,Never,0,Never,0,19,19,Snapchat,social,All of the time,4,All of the time,4,All of the time,4,Sometimes,2,A little bit of the time,1,All of the time,4,All of the time,4,All of the time,4,Never,0,All of the time,4,A little bit of the time,1,All of the time,4,Very often,3,All of the time,4,All of the time,4,All of the time,4,All of the time,4,A little bit of the time,1,All of the time,4,A little bit of the time,1,All of the time,4,All of the time,4,Very often,3,Never,0,A little bit of the time,1,Sometimes,2,All of the time,4,iPhone 6/6S/6S Plus,College (Bachelor's),2,West,Female,1,10/31/2016 22:02:54,More than 3 hours
Pinterest,entertainment,Sometimes,2,A little bit of the time,1,A little bit of the time,1,A little bit of the time,1,Sometimes,2,Sometimes,2,Sometimes,2,A little bit of the time,1,Never,0,A little bit of the time,1,A little bit of the time,1,Sometimes,2,Sometimes,2,A little bit of the time,1,A little bit of the time,1,A little bit of the time,1,Never,0,Never,0,A little bit of the time,1,Never,0,Sometimes,2,Sometimes,2,Sometimes,2,Never,0,Sometimes,2,Sometimes,2,A little bit of the time,1,26,26,Snapchat,social,Sometimes,2,Very often,3,Very often,3,A little bit of the time,1,Never,0,Sometimes,2,Sometimes,2,Sometimes,2,Never,0,Sometimes,2,A little bit of the time,1,Very often,3,Very often,3,Sometimes,2,Very often,3,Very often,3,Sometimes,2,Never,0,Sometimes,2,Never,0,Sometimes,2,A little bit of the time,1,A little bit of the time,1,A little bit of the time,1,Never,0,Never,0,A little bit of the time,1,iPhone 5/5S/5C or older,College (Bachelor's),2,Northeast,Female,1,11/1/2016 8:43:28,Between 1 and 3 hours
Music,self_express,Never,0,Never,0,A little bit of the time,1,Very often,3,Sometimes,2,Never,0,Never,0,Never,0,Never,0,Never,0,All of the time,4,Sometimes,2,Never,0,Sometimes,2,A little bit of the time,1,A little bit of the time,1,Never,0,Never,0,A little bit of the time,1,Never,0,Never,0,Never,0,Sometimes,2,A little bit of the time,1,Never,0,Never,0,Never,0,25,25,Snapchat,social,All of the time,4,All of the time,4,All of the time,4,All of the time,4,All of the time,4,All of the time,4,All of the time,4,Very often,3,Never,0,Sometimes,2,Never,0,All of the time,4,Very often,3,All of the time,4,All of the time,4,All of the time,4,All of the time,4,All of the time,4,Very often,3,A little bit of the time,1,All of the time,4,All of the time,4,Very often,3,A little bit of the time,1,All of the time,4,Sometimes,2,Very often,3,iPhone 6/6S/6S Plus,College (Bachelor's),2,Northeast,Male,0,11/1/2016 11:47:05,More than 3 hours
Instagram,social,A little bit of the time,1,Never,0,A little bit of the time,1,Never,0,Never,0,Never,0,Never,0,Never,0,Never,0,Never,0,Never,0,A little bit of the time,1,Never,0,A little bit of the time,1,Never,0,A little bit of the time,1,Never,0,Never,0,A little bit of the time,1,Never,0,Never,0,A little bit of the time,1,Never,0,Never,0,Never,0,Never,0,Never,0,22,22,Snapchat,social,Very often,3,Very often,3,All of the time,4,Never,0,Never,0,A little bit of the time,1,A little bit of the time,1,A little bit of the time,1,Never,0,A little bit of the time,1,A little bit of the time,1,Sometimes,2,A little bit of the time,1,A little bit of the time,1,Very often,3,All of the time,4,All of the time,4,Never,0,Sometimes,2,Never,0,Very often,3,Sometimes,2,Sometimes,2,Never,0,Never,0,Never,0,A little bit of the time,1,iPhone 5/5S/5C or older,Graduate (PhD),4,Northeast,Female,1,11/1/2016 15:51:54,More than 3 hours
Snapchat,social,Sometimes,2,Never,0,Sometimes,2,Never,0,Never,0,Never,0,Never,0,Never,0,Never,0,Sometimes,2,Sometimes,2,Sometimes,2,Sometimes,2,Sometimes,2,Sometimes,2,Sometimes,2,Sometimes,2,Never,0,Sometimes,2,Never,0,Never,0,Never,0,Sometimes,2,Never,0,Never,0,Never,0,Never,0,26,26,Spotify,self_express,A little bit of the time,1,All of the time,4,All of the time,4,Never,0,All of the time,4,All of the time,4,Never,0,Never,0,Never,0,Sometimes,2,Sometimes,2,All of the time,4,All of the time,4,All of the time,4,Never,0,All of the time,4,Never,0,Never,0,Sometimes,2,Never,0,All of the time,4,A little bit of the time,1,Sometimes,2,All of the time,4,Never,0,Never,0,All of the time,4,iPhone 6/6S/6S Plus,College (Bachelor's),2,West,Male,0,10/31/2016 18:39:07,Between 1 and 3 hours
Words With Friends,entertainment,Sometimes,2,A little bit of the time,1,Sometimes,2,Never,0,A little bit of the time,1,Never,0,Never,0,Never,0,Never,0,Never,0,All of the time,4,Never,0,A little bit of the time,1,Never,0,Very often,3,Sometimes,2,Sometimes,2,Never,0,Never,0,Very often,3,Never,0,Very often,3,A little bit of the time,1,Never,0,Never,0,Never,0,A little bit of the time,1,31,31,Spotify,self_express,Very often,3,Sometimes,2,Very often,3,Never,0,Sometimes,2,Never,0,Never,0,Never,0,Never,0,A little bit of the time,1,Very often,3,All of the time,4,Very often,3,Never,0,A little bit of the time,1,Never,0,Never,0,Never,0,A little bit of the time,1,Sometimes,2,A little bit of the time,1,Sometimes,2,A little bit of the time,1,Never,0,Never,0,Never,0,Very often,3,iPhone 6/6S/6S Plus,Graduate (Master's),3,West,Do not want to disclose,,10/31/2016 18:46:52,Between 1 and 3 hours
Snapchat,social,A little bit of the time,1,A little bit of the time,1,Very often,3,Never,0,Never,0,Never,0,Never,0,Never,0,Never,0,Never,0,All of the time,4,Sometimes,2,Never,0,Sometimes,2,Very often,3,Very often,3,Very often,3,Never,0,Never,0,Never,0,Sometimes,2,Sometimes,2,Sometimes,2,Never,0,Never,0,Never,0,Never,0,26,26,Spotify,self_express,Never,0,Sometimes,2,All of the time,4,Never,0,Never,0,Never,0,Never,0,Never,0,Never,0,Never,0,All of the time,4,All of the time,4,Sometimes,2,Never,0,Never,0,Never,0,Never,0,Never,0,Never,0,Never,0,All of the time,4,All of the time,4,A little bit of the time,1,Never,0,Never,0,Never,0,Never,0,iPhone 6/6S/6S Plus,College (Bachelor's),2,West,Male,0,10/31/2016 20:53:05,Between 1 and 3 hours
Uber,useful,Never,0,Never,0,Never,0,Very often,3,Never,0,Never,0,Very often,3,A little bit of the time,1,A little bit of the time,1,Never,0,All of the time,4,Never,0,Never,0,Never,0,Never,0,Never,0,Never,0,Never,0,Never,0,Never,0,Never,0,Sometimes,2,Never,0,A little bit of the time,1,Never,0,Never,0,A little bit of the time,1,24,24,Spotify,self_express,A little bit of the time,1,All of the time,4,All of the time,4,Never,0,Never,0,Never,0,Never,0,Never,0,A little bit of the time,1,A little bit of the time,1,All of the time,4,All of the time,4,All of the time,4,A little bit of the time,1,A little bit of the time,1,A little bit of the time,1,A little bit of the time,1,Never,0,Never,0,Never,0,A little bit of the time,1,Sometimes,2,Very often,3,Very often,3,Never,0,Never,0,All of the time,4,iPhone 6/6S/6S Plus,Graduate (Master's),3,West,Male,0,10/31/2016 21:42:28,More than 3 hours
YouTube,entertainment,Never,0,A little bit of the time,1,Sometimes,2,Never,0,Never,0,Never,0,Never,0,Never,0,Never,0,A little bit of the time,1,All of the time,4,Very often,3,Sometimes,2,Never,0,Never,0,Never,0,Never,0,Never,0,A little bit of the time,1,Never,0,A little bit of the time,1,A little bit of the time,1,Sometimes,2,Never,0,Never,0,Never,0,Never,0,19,19,Spotify,self_express,All of the time,4,All of the time,4,All of the time,4,Never,0,Very often,3,Never,0,A little bit of the time,1,Never,0,Never,0,Sometimes,2,All of the time,4,All of the time,4,All of the time,4,All of the time,4,A little bit of the time,1,Sometimes,2,A little bit of the time,1,Never,0,All of the time,4,Sometimes,2,All of the time,4,All of the time,4,Very often,3,Sometimes,2,A little bit of the time,1,Never,0,All of the time,4,iPhone 7/7 Plus,College (Bachelor's),2,West,Male,0,11/1/2016 0:10:34,More than 3 hours
Mail,useful,Never,0,Never,0,Never,0,Sometimes,2,Never,0,Sometimes,2,Sometimes,2,Never,0,Never,0,Sometimes,2,Never,0,Sometimes,2,Never,0,Never,0,All of the time,4,A little bit of the time,1,Never,0,Very often,3,Never,0,Never,0,Never,0,Sometimes,2,Never,0,A little bit of the time,1,Never,0,A little bit of the time,1,Very often,3,20,20,Spotify,self_express,Sometimes,2,All of the time,4,All of the time,4,Never,0,Never,0,Never,0,Never,0,Never,0,Never,0,Sometimes,2,Sometimes,2,All of the time,4,All of the time,4,Very often,3,Never,0,Never,0,Never,0,Never,0,All of the time,4,A little bit of the time,1,Very often,3,All of the time,4,All of the time,4,Never,0,Never,0,Never,0,All of the time,4,iPhone 7/7 Plus,College (Bachelor's),2,South,Male,0,11/1/2016 14:00:53,More than 3 hours
Facebook,social,All of the time,4,A little bit of the time,1,Very often,3,A little bit of the time,1,Sometimes,2,Sometimes,2,Sometimes,2,Sometimes,2,Never,0,Very often,3,Never,0,Sometimes,2,A little bit of the time,1,Very often,3,Very often,3,All of the time,4,All of the time,4,Sometimes,2,Sometimes,2,Never,0,All of the time,4,All of the time,4,Very often,3,Never,0,A little bit of the time,1,A little bit of the time,1,A little bit of the time,1,22,22,Spotify,self_express,A little bit of the time,1,Sometimes,2,All of the time,4,Never,0,Never,0,Never,0,Never,0,Never,0,Never,0,All of the time,4,All of the time,4,All of the time,4,All of the time,4,All of the time,4,Never,0,Sometimes,2,Never,0,Never,0,Very often,3,Never,0,Very often,3,All of the time,4,Very often,3,Sometimes,2,Never,0,Never,0,All of the time,4,iPhone 5/5S/5C or older,Graduate (Master's),3,Midwest,Female,1,11/1/2016 19:57:18,More than 3 hours
Words With Friends,entertainment,All of the time,4,Very often,3,Very often,3,Never,0,Never,0,Never,0,Never,0,Never,0,Never,0,Never,0,All of the time,4,Sometimes,2,Sometimes,2,Never,0,A little bit of the time,1,A little bit of the time,1,Never,0,Never,0,Sometimes,2,Very often,3,Sometimes,2,Very often,3,Sometimes,2,Never,0,Never,0,Never,0,Never,0,22,22,Tumblr,entertainment,All of the time,4,All of the time,4,All of the time,4,A little bit of the time,1,A little bit of the time,1,Never,0,A little bit of the time,1,Never,0,Never,0,Sometimes,2,Sometimes,2,All of the time,4,Sometimes,2,All of the time,4,A little bit of the time,1,Very often,3,Very often,3,Never,0,Sometimes,2,Never,0,All of the time,4,All of the time,4,All of the time,4,Never,0,Never,0,Never,0,A little bit of the time,1,iPhone 7/7 Plus,College (Bachelor's),2,South,Male,0,10/31/2016 20:33:29,More than 3 hours
Instagram,social,Very often,3,A little bit of the time,1,A little bit of the time,1,Never,0,Never,0,Never,0,Never,0,Never,0,Never,0,Never,0,Never,0,Very often,3,Very often,3,Sometimes,2,A little bit of the time,1,A little bit of the time,1,Sometimes,2,Never,0,Never,0,Never,0,A little bit of the time,1,A little bit of the time,1,Sometimes,2,Never,0,Never,0,Never,0,Never,0,18,18,Uber,useful,Never,0,Never,0,Very often,3,All of the time,4,Never,0,Never,0,A little bit of the time,1,A little bit of the time,1,Sometimes,2,Never,0,All of the time,4,Never,0,Never,0,Never,0,Never,0,Never,0,Never,0,A little bit of the time,1,Sometimes,2,Never,0,Sometimes,2,Very often,3,A little bit of the time,1,Very often,3,Never,0,Sometimes,2,All of the time,4,iPhone 6/6S/6S Plus,High School,1,West,Female,1,11/1/2016 14:28:27,More than 3 hours
Facebook,social,Very often,3,Sometimes,2,Very often,3,Sometimes,2,Very often,3,Sometimes,2,Sometimes,2,Very often,3,Never,0,Sometimes,2,Never,0,Sometimes,2,A little bit of the time,1,Very often,3,A little bit of the time,1,Very often,3,Very often,3,A little bit of the time,1,Very often,3,A little bit of the time,1,Sometimes,2,Sometimes,2,Very often,3,Never,0,Never,0,A little bit of the time,1,Never,0,26,26,Venmo,useful,Never,0,Never,0,All of the time,4,All of the time,4,Never,0,Never,0,All of the time,4,All of the time,4,All of the time,4,All of the time,4,Never,0,All of the time,4,Never,0,A little bit of the time,1,A little bit of the time,1,A little bit of the time,1,A little bit of the time,1,Very often,3,A little bit of the time,1,Never,0,All of the time,4,All of the time,4,All of the time,4,All of the time,4,All of the time,4,All of the time,4,All of the time,4,iPhone 6/6S/6S Plus,Graduate (PhD),4,Northeast,Male,0,10/31/2016 19:48:04,Between 1 and 3 hours
Tumblr,entertainment,Sometimes,2,A little bit of the time,1,Sometimes,2,Never,0,A little bit of the time,1,Sometimes,2,Never,0,Never,0,Never,0,Never,0,All of the time,4,Sometimes,2,Very often,3,All of the time,4,A little bit of the time,1,Very often,3,Sometimes,2,Never,0,Sometimes,2,Never,0,A little bit of the time,1,A little bit of the time,1,Sometimes,2,Never,0,Never,0,Never,0,Never,0,26,26,Venmo,useful,Never,0,Never,0,A little bit of the time,1,Never,0,Never,0,Never,0,Never,0,A little bit of the time,1,All of the time,4,Never,0,All of the time,4,Never,0,Never,0,A little bit of the time,1,Never,0,Never,0,Never,0,Very often,3,A little bit of the time,1,Never,0,Sometimes,2,Sometimes,2,Very often,3,A little bit of the time,1,Never,0,Very often,3,All of the time,4,iPhone 5/5S/5C or older,Graduate (Master's),3,West,Female,1,10/31/2016 21:39:28,More than 3 hours
Mail,useful,Sometimes,2,Never,0,A little bit of the time,1,A little bit of the time,1,Never,0,Never,0,Sometimes,2,Sometimes,2,Never,0,Never,0,All of the time,4,Very often,3,Never,0,Never,0,All of the time,4,Very often,3,Very often,3,All of the time,4,A little bit of the time,1,Never,0,Never,0,A little bit of the time,1,A little bit of the time,1,Very often,3,All of the time,4,Very often,3,Sometimes,2,24,24,Yelp,rewards,Never,0,Never,0,Very often,3,All of the time,4,Never,0,All of the time,4,Very often,3,A little bit of the time,1,Never,0,Never,0,All of the time,4,Very often,3,Sometimes,2,Never,0,Never,0,Never,0,Never,0,Very often,3,Never,0,Never,0,A little bit of the time,1,Very often,3,Very often,3,Sometimes,2,Never,0,All of the time,4,Very often,3,iPhone 6/6S/6S Plus,College (Bachelor's),2,Northeast,Female,1,10/31/2016 21:26:00,More than 3 hours
Pinterest,entertainment,A little bit of the time,1,A little bit of the time,1,A little bit of the time,1,A little bit of the time,1,A little bit of the time,1,A little bit of the time,1,A little bit of the time,1,Sometimes,2,Never,0,Never,0,All of the time,4,A little bit of the time,1,Sometimes,2,A little bit of the time,1,A little bit of the time,1,A little bit of the time,1,A little bit of the time,1,A little bit of the time,1,A little bit of the time,1,A little bit of the time,1,A little bit of the time,1,A little bit of the time,1,Sometimes,2,Never,0,Sometimes,2,Sometimes,2,A little bit of the time,1,29,29,Yelp,rewards,Never,0,Never,0,Sometimes,2,Very often,3,Sometimes,2,Very often,3,Very often,3,Very often,3,Never,0,Never,0,All of the time,4,Never,0,Never,0,Never,0,Never,0,Never,0,Never,0,Very often,3,Sometimes,2,Never,0,A little bit of the time,1,Sometimes,2,Sometimes,2,A little bit of the time,1,Never,0,Very often,3,All of the time,4,Android,Graduate (PhD),4,International,Female,1,11/1/2016 7:34:26,More than 3 hours
